recording_id,frame_id,time,entropy
20150803094831202_m0002_31,0,0.00,0.003060
20150803094831202_m0002_31,1,0.01,0.002717
20150803094831202_m0002_31,2,0.02,0.002694
20150803094831202_m0002_31,3,0.03,0.003085
20150803094831202_m0002_31,4,0.04,0.003017
20150803094831202_m0002_31,5,0.05,0.003134
20150803094831202_m0002_31,6,0.06,0.003213
20150803094831202_m0002_31,7,0.07,0.003212
20150803094831202_m0002_31,8,0.08,0.003387
20150803094831202_m0002_31,9,0.09,0.003510
20150803094831202_m0002_31,10,0.10,0.003498
20150803094831202_m0002_31,11,0.11,0.003348
20150803094831202_m0002_31,12,0.12,0.003305
20150803094831202_m0002_31,13,0.13,0.002972
20150803094831202_m0002_31,14,0.14,0.003458
20150803094831202_m0002_31,15,0.15,0.004705
20150803094831202_m0002_31,16,0.16,0.006790
20150803094831202_m0002_31,17,0.17,0.007844
20150803094831202_m0002_31,18,0.18,0.006575
20150803094831202_m0002_31,19,0.19,0.008135
20150803094831202_m0002_31,20,0.20,0.008721
20150803094831202_m0002_31,21,0.21,0.009446
20150803094831202_m0002_31,22,0.22,0.009550
20150803094831202_m0002_31,23,0.23,0.009469
20150803094831202_m0002_31,24,0.24,0.008553
20150803094831202_m0002_31,25,0.25,0.005962
20150803094831202_m0002_31,26,0.26,0.004017
20150803094831202_m0002_31,27,0.27,0.004345
20150803094831202_m0002_31,28,0.28,0.004753
20150803094831202_m0002_31,29,0.29,0.003196
20150803094831202_m0002_31,30,0.30,0.003250
20150803094831202_m0002_31,31,0.31,0.005910
20150803094831202_m0002_31,32,0.32,0.006146
20150803094831202_m0002_31,33,0.33,0.008774
20150803094831202_m0002_31,34,0.34,0.006630
20150803094831202_m0002_31,35,0.35,0.005080
20150803094831202_m0002_31,36,0.36,0.002979
20150803094831202_m0002_31,37,0.37,0.005218
20150803094831202_m0002_31,38,0.38,0.005956
20150803094831202_m0002_31,39,0.39,0.005590
20150803094831202_m0002_31,40,0.40,0.005412
20150803094831202_m0002_31,41,0.41,0.005411
20150803094831202_m0002_31,42,0.42,0.005725
20150803094831202_m0002_31,43,0.43,0.005766
20150803094831202_m0002_31,44,0.44,0.006301
20150803094831202_m0002_31,45,0.45,0.006307
20150803094831202_m0002_31,46,0.46,0.006312
20150803094831202_m0002_31,47,0.47,0.005986
20150803094831202_m0002_31,48,0.48,0.005708
20150803094831202_m0002_31,49,0.49,0.005530
20150803094831202_m0002_31,50,0.50,0.004834
20150803094831202_m0002_31,51,0.51,0.003836
20150803094831202_m0002_31,52,0.52,0.006093
20150803094831202_m0002_31,53,0.53,0.007248
20150803094831202_m0002_31,54,0.54,0.007916
20150803094831202_m0002_31,55,0.55,0.008057
20150803094831202_m0002_31,56,0.56,0.007553
20150803094831202_m0002_31,57,0.57,0.007078
20150803094831202_m0002_31,58,0.58,0.006742
20150803094831202_m0002_31,59,0.59,0.005773
20150803094831202_m0002_31,60,0.60,0.005405
20150803094831202_m0002_31,61,0.61,0.005385
20150803094831202_m0002_31,62,0.62,0.004730
20150803094831202_m0002_31,63,0.63,0.004048
20150803094831202_m0002_31,64,0.64,0.005617
20150803094831202_m0002_31,65,0.65,0.006522
20150803094831202_m0002_31,66,0.66,0.006784
20150803094831202_m0002_31,67,0.67,0.006556
20150803094831202_m0002_31,68,0.68,0.005994
20150803094831202_m0002_31,69,0.69,0.003779
20150803094831202_m0002_31,70,0.70,0.006084
20150803094831202_m0002_31,71,0.71,0.006469
20150803094831202_m0002_31,72,0.72,0.007088
20150803094831202_m0002_31,73,0.73,0.007071
20150803094831202_m0002_31,74,0.74,0.007614
20150803094831202_m0002_31,75,0.75,0.007960
20150803094831202_m0002_31,76,0.76,0.007830
20150803094831202_m0002_31,77,0.77,0.007178
20150803094831202_m0002_31,78,0.78,0.006705
20150803094831202_m0002_31,79,0.79,0.005014
20150803094831202_m0002_31,80,0.80,0.004005
20150803094831202_m0002_31,81,0.81,0.004737
20150803094831202_m0002_31,82,0.82,0.004289
20150803094831202_m0002_31,83,0.83,0.004342
20150803094831202_m0002_31,84,0.84,0.005446
20150803094831202_m0002_31,85,0.85,0.010816
20150803094831202_m0002_31,86,0.86,0.009706
20150803094831202_m0002_31,87,0.87,0.007220
20150803094831202_m0002_31,88,0.88,0.012555
20150803094831202_m0002_31,89,0.89,0.011504
20150803094831202_m0002_31,90,0.90,0.009693
20150803094831202_m0002_31,91,0.91,0.009316
20150803094831202_m0002_31,92,0.92,0.007349
20150803094831202_m0002_31,93,0.93,0.007917
20150803094831202_m0002_31,94,0.94,0.009323
20150803094831202_m0002_31,95,0.95,0.008976
20150803094831202_m0002_31,96,0.96,0.006450
20150803094831202_m0002_31,97,0.97,0.006893
20150803094831202_m0002_31,98,0.98,0.004806
20150803094831202_m0002_31,99,0.99,0.005213
20150803094831202_m0002_31,100,1.00,0.005039
20150803094831202_m0002_31,101,1.01,0.004569
20150803094831202_m0002_31,102,1.02,0.004305
20150803094831202_m0002_31,103,1.03,0.003598
20150803094831202_m0002_31,104,1.04,0.004789
20150803094831202_m0002_31,105,1.05,0.004605
20150803094831202_m0002_31,106,1.06,0.004067
20150803094831202_m0002_31,107,1.07,0.004993
20150803094831202_m0002_31,108,1.08,0.006732
20150803094831202_m0002_31,109,1.09,0.006735
20150803094831202_m0002_31,110,1.10,0.006498
20150803094831202_m0002_31,111,1.11,0.006927
20150803094831202_m0002_31,112,1.12,0.007004
20150803094831202_m0002_31,113,1.13,0.006527
20150803094831202_m0002_31,114,1.14,0.005567
20150803094831202_m0002_31,115,1.15,0.005155
20150803094831202_m0002_31,116,1.16,0.004372
20150803094831202_m0002_31,117,1.17,0.004870
20150803094831202_m0002_31,118,1.18,0.007242
20150803094831202_m0002_31,119,1.19,0.007863
20150803094831202_m0002_31,120,1.20,0.008347
20150803094831202_m0002_31,121,1.21,0.007587
20150803094831202_m0002_31,122,1.22,0.006275
20150803094831202_m0002_31,123,1.23,0.003850
20150803094831202_m0002_31,124,1.24,0.003295
20150803094831202_m0002_31,125,1.25,0.004166
20150803094831202_m0002_31,126,1.26,0.003579
20150803094831202_m0002_31,127,1.27,0.003487
20150803094831202_m0002_31,128,1.28,0.003598
20150803094831202_m0002_31,129,1.29,0.002763
20150803094831202_m0002_31,130,1.30,0.002492
20150803094831202_m0002_31,131,1.31,0.003618
20150803094831202_m0002_31,132,1.32,0.005805
20150803094831202_m0002_31,133,1.33,0.005776
20150803094831202_m0002_31,134,1.34,0.005577
20150803094831202_m0002_31,135,1.35,0.005821
20150803094831202_m0002_31,136,1.36,0.005292
20150803094831202_m0002_31,137,1.37,0.004565
20150803094831202_m0002_31,138,1.38,0.004085
20150803094831202_m0002_31,139,1.39,0.004376
20150803094831202_m0002_31,140,1.40,0.004438
20150803094831202_m0002_31,141,1.41,0.006131
20150803094831202_m0002_31,142,1.42,0.004955
20150803094831202_m0002_31,143,1.43,0.002782
20150803094831202_m0002_31,144,1.44,0.002469
20150803094831202_m0002_31,145,1.45,0.002874
20150803094831202_m0002_31,146,1.46,0.003256
20150803094831202_m0002_31,147,1.47,0.003720
20150803094831202_m0002_31,148,1.48,0.003720
20150803094831202_m0002_31,149,1.49,0.003603
20150803094831202_m0002_31,150,1.50,0.004024
20150803094831202_m0002_31,151,1.51,0.003616
20150803094831202_m0002_31,152,1.52,0.004067
20150803094831202_m0002_31,153,1.53,0.003946
20150803094831202_m0002_31,154,1.54,0.004712
20150803094831202_m0002_31,155,1.55,0.004017
20150803094831202_m0002_31,156,1.56,0.003046
20150803094831202_m0002_31,157,1.57,0.002533
20150803094831202_m0002_31,158,1.58,0.002808
20150803094831202_m0002_31,159,1.59,0.003178
20150803094831202_m0002_31,160,1.60,0.003144
20150803094831202_m0002_31,161,1.61,0.003017
20150803094831202_m0002_31,162,1.62,0.002932
20150803094831202_m0002_31,163,1.63,0.002883
20150803094831202_m0002_31,164,1.64,0.002743
20150803094831202_m0002_31,165,1.65,0.002835
20150803094831202_m0002_31,166,1.66,0.002845
20150803094831202_m0002_31,167,1.67,0.002784
20150803094831202_m0002_31,168,1.68,0.002679
20150803094831202_m0002_31,169,1.69,0.002682
20150803094831202_m0002_31,170,1.70,0.002865
20150803094831202_m0002_31,171,1.71,0.002743
20150803094831202_m0002_31,172,1.72,0.002779
20150803094831202_m0002_31,173,1.73,0.003013
20150803094831202_m0002_31,174,1.74,0.002855
20150803094831202_m0002_31,175,1.75,0.002765
20150803094831202_m0002_31,176,1.76,0.002734
20150803094831202_m0002_31,177,1.77,0.002637
20150803094831202_m0002_31,178,1.78,0.002739
20150803094831202_m0002_31,179,1.79,0.002834
20150803094831202_m0002_31,180,1.80,0.002975
20150803094831202_m0002_31,181,1.81,0.002768
20150803094831202_m0002_31,182,1.82,0.002614
20150803094831202_m0002_31,183,1.83,0.002596
20150803094831202_m0002_31,184,1.84,0.002614
20150803094831202_m0002_31,185,1.85,0.002648
20150803094831202_m0002_31,186,1.86,0.002668
20150803094831202_m0002_31,187,1.87,0.002667
20150803094831202_m0002_31,188,1.88,0.002763
20150803094831202_m0002_31,189,1.89,0.002757
20150803094831202_m0002_31,190,1.90,0.002839
20150803094831202_m0002_31,191,1.91,0.002910
20150803094831202_m0002_31,192,1.92,0.003033
20150803094831202_m0002_31,193,1.93,0.002841
20150803094831202_m0002_31,194,1.94,0.003097
20150803094831202_m0002_31,195,1.95,0.003097
20150803094831202_m0002_31,196,1.96,0.002992
20150803094831202_m0002_31,197,1.97,0.003198
20150803094831202_m0002_31,198,1.98,0.003122
20150803094831202_m0002_31,199,1.99,0.003087
20150803094831202_m0002_31,200,2.00,0.003314
20150129105602091_m0002_31,0,0.00,0.004869
20150129105602091_m0002_31,1,0.01,0.004968
20150129105602091_m0002_31,2,0.02,0.005208
20150129105602091_m0002_31,3,0.03,0.006174
20150129105602091_m0002_31,4,0.04,0.005098
20150129105602091_m0002_31,5,0.05,0.005007
20150129105602091_m0002_31,6,0.06,0.005239
20150129105602091_m0002_31,7,0.07,0.005045
20150129105602091_m0002_31,8,0.08,0.004910
20150129105602091_m0002_31,9,0.09,0.005533
20150129105602091_m0002_31,10,0.10,0.005141
20150129105602091_m0002_31,11,0.11,0.005058
20150129105602091_m0002_31,12,0.12,0.005100
20150129105602091_m0002_31,13,0.13,0.006278
20150129105602091_m0002_31,14,0.14,0.006041
20150129105602091_m0002_31,15,0.15,0.008011
20150129105602091_m0002_31,16,0.16,0.008121
20150129105602091_m0002_31,17,0.17,0.007578
20150129105602091_m0002_31,18,0.18,0.009439
20150129105602091_m0002_31,19,0.19,0.008881
20150129105602091_m0002_31,20,0.20,0.007847
20150129105602091_m0002_31,21,0.21,0.007370
20150129105602091_m0002_31,22,0.22,0.007331
20150129105602091_m0002_31,23,0.23,0.005994
20150129105602091_m0002_31,24,0.24,0.004991
20150129105602091_m0002_31,25,0.25,0.004524
20150129105602091_m0002_31,26,0.26,0.003987
20150129105602091_m0002_31,27,0.27,0.004680
20150129105602091_m0002_31,28,0.28,0.006210
20150129105602091_m0002_31,29,0.29,0.006206
20150129105602091_m0002_31,30,0.30,0.006851
20150129105602091_m0002_31,31,0.31,0.007572
20150129105602091_m0002_31,32,0.32,0.006568
20150129105602091_m0002_31,33,0.33,0.003875
20150129105602091_m0002_31,34,0.34,0.005450
20150129105602091_m0002_31,35,0.35,0.005785
20150129105602091_m0002_31,36,0.36,0.005947
20150129105602091_m0002_31,37,0.37,0.005763
20150129105602091_m0002_31,38,0.38,0.006034
20150129105602091_m0002_31,39,0.39,0.006128
20150129105602091_m0002_31,40,0.40,0.005890
20150129105602091_m0002_31,41,0.41,0.005627
20150129105602091_m0002_31,42,0.42,0.005675
20150129105602091_m0002_31,43,0.43,0.006149
20150129105602091_m0002_31,44,0.44,0.006477
20150129105602091_m0002_31,45,0.45,0.006783
20150129105602091_m0002_31,46,0.46,0.006343
20150129105602091_m0002_31,47,0.47,0.004772
20150129105602091_m0002_31,48,0.48,0.006544
20150129105602091_m0002_31,49,0.49,0.008474
20150129105602091_m0002_31,50,0.50,0.008114
20150129105602091_m0002_31,51,0.51,0.008255
20150129105602091_m0002_31,52,0.52,0.008955
20150129105602091_m0002_31,53,0.53,0.007697
20150129105602091_m0002_31,54,0.54,0.006969
20150129105602091_m0002_31,55,0.55,0.005476
20150129105602091_m0002_31,56,0.56,0.004422
20150129105602091_m0002_31,57,0.57,0.003197
20150129105602091_m0002_31,58,0.58,0.003917
20150129105602091_m0002_31,59,0.59,0.003944
20150129105602091_m0002_31,60,0.60,0.004014
20150129105602091_m0002_31,61,0.61,0.006630
20150129105602091_m0002_31,62,0.62,0.006833
20150129105602091_m0002_31,63,0.63,0.006207
20150129105602091_m0002_31,64,0.64,0.005757
20150129105602091_m0002_31,65,0.65,0.005793
20150129105602091_m0002_31,66,0.66,0.007519
20150129105602091_m0002_31,67,0.67,0.009183
20150129105602091_m0002_31,68,0.68,0.008900
20150129105602091_m0002_31,69,0.69,0.008868
20150129105602091_m0002_31,70,0.70,0.007729
20150129105602091_m0002_31,71,0.71,0.007370
20150129105602091_m0002_31,72,0.72,0.006300
20150129105602091_m0002_31,73,0.73,0.004863
20150129105602091_m0002_31,74,0.74,0.005301
20150129105602091_m0002_31,75,0.75,0.005649
20150129105602091_m0002_31,76,0.76,0.004724
20150129105602091_m0002_31,77,0.77,0.004076
20150129105602091_m0002_31,78,0.78,0.005517
20150129105602091_m0002_31,79,0.79,0.006443
20150129105602091_m0002_31,80,0.80,0.009707
20150129105602091_m0002_31,81,0.81,0.007578
20150129105602091_m0002_31,82,0.82,0.008301
20150129105602091_m0002_31,83,0.83,0.009120
20150129105602091_m0002_31,84,0.84,0.008377
20150129105602091_m0002_31,85,0.85,0.008928
20150129105602091_m0002_31,86,0.86,0.008844
20150129105602091_m0002_31,87,0.87,0.007408
20150129105602091_m0002_31,88,0.88,0.007070
20150129105602091_m0002_31,89,0.89,0.007482
20150129105602091_m0002_31,90,0.90,0.006966
20150129105602091_m0002_31,91,0.91,0.006513
20150129105602091_m0002_31,92,0.92,0.005091
20150129105602091_m0002_31,93,0.93,0.007510
20150129105602091_m0002_31,94,0.94,0.005120
20150129105602091_m0002_31,95,0.95,0.005605
20150129105602091_m0002_31,96,0.96,0.006493
20150129105602091_m0002_31,97,0.97,0.006694
20150129105602091_m0002_31,98,0.98,0.006669
20150129105602091_m0002_31,99,0.99,0.007230
20150129105602091_m0002_31,100,1.00,0.007434
20150129105602091_m0002_31,101,1.01,0.007476
20150129105602091_m0002_31,102,1.02,0.007697
20150129105602091_m0002_31,103,1.03,0.007056
20150129105602091_m0002_31,104,1.04,0.006289
20150129105602091_m0002_31,105,1.05,0.006281
20150129105602091_m0002_31,106,1.06,0.005900
20150129105602091_m0002_31,107,1.07,0.005168
20150129105602091_m0002_31,108,1.08,0.009297
20150129105602091_m0002_31,109,1.09,0.010418
20150129105602091_m0002_31,110,1.10,0.010114
20150129105602091_m0002_31,111,1.11,0.008391
20150129105602091_m0002_31,112,1.12,0.007319
20150129105602091_m0002_31,113,1.13,0.006432
20150129105602091_m0002_31,114,1.14,0.004708
20150129105602091_m0002_31,115,1.15,0.004331
20150129105602091_m0002_31,116,1.16,0.004303
20150129105602091_m0002_31,117,1.17,0.003862
20150129105602091_m0002_31,118,1.18,0.004657
20150129105602091_m0002_31,119,1.19,0.005076
20150129105602091_m0002_31,120,1.20,0.005690
20150129105602091_m0002_31,121,1.21,0.005969
20150129105602091_m0002_31,122,1.22,0.006277
20150129105602091_m0002_31,123,1.23,0.006261
20150129105602091_m0002_31,124,1.24,0.006338
20150129105602091_m0002_31,125,1.25,0.006741
20150129105602091_m0002_31,126,1.26,0.004297
20150129105602091_m0002_31,127,1.27,0.006483
20150129105602091_m0002_31,128,1.28,0.006674
20150129105602091_m0002_31,129,1.29,0.003954
20150129105602091_m0002_31,130,1.30,0.003227
20150129105602091_m0002_31,131,1.31,0.003232
20150129105602091_m0002_31,132,1.32,0.003465
20150129105602091_m0002_31,133,1.33,0.004236
20150129105602091_m0002_31,134,1.34,0.004089
20150129105602091_m0002_31,135,1.35,0.004680
20150129105602091_m0002_31,136,1.36,0.004864
20150129105602091_m0002_31,137,1.37,0.005135
20150129105602091_m0002_31,138,1.38,0.005842
20150129105602091_m0002_31,139,1.39,0.007138
20150129105602091_m0002_31,140,1.40,0.007935
20150129105602091_m0002_31,141,1.41,0.008163
20150129105602091_m0002_31,142,1.42,0.006329
20150129105602091_m0002_31,143,1.43,0.003411
20150129105602091_m0002_31,144,1.44,0.003687
20150129105602091_m0002_31,145,1.45,0.004543
20150129105602091_m0002_31,146,1.46,0.004968
20150129105602091_m0002_31,147,1.47,0.004969
20150129105602091_m0002_31,148,1.48,0.005030
20150129105602091_m0002_31,149,1.49,0.005077
20150129105602091_m0002_31,150,1.50,0.004924
20150129105602091_m0002_31,151,1.51,0.005044
20150129105602091_m0002_31,152,1.52,0.004603
20150129105602091_m0002_31,153,1.53,0.004666
20150129105602091_m0002_31,154,1.54,0.004706
20150129105602091_m0002_31,155,1.55,0.004858
20150129105602091_m0002_31,156,1.56,0.004820
20150129105602091_m0002_31,157,1.57,0.004902
20150129105602091_m0002_31,158,1.58,0.004781
20150129105602091_m0002_31,159,1.59,0.005573
20150129105602091_m0002_31,160,1.60,0.005561
20150129105602091_m0002_31,161,1.61,0.004745
20150129105602091_m0002_31,162,1.62,0.005093
20150129105602091_m0002_31,163,1.63,0.005933
20150713090135243_m0002_31,0,0.00,0.003107
20150713090135243_m0002_31,1,0.01,0.003627
20150713090135243_m0002_31,2,0.02,0.003415
20150713090135243_m0002_31,3,0.03,0.003905
20150713090135243_m0002_31,4,0.04,0.004085
20150713090135243_m0002_31,5,0.05,0.003877
20150713090135243_m0002_31,6,0.06,0.003798
20150713090135243_m0002_31,7,0.07,0.003717
20150713090135243_m0002_31,8,0.08,0.003942
20150713090135243_m0002_31,9,0.09,0.003841
20150713090135243_m0002_31,10,0.10,0.002935
20150713090135243_m0002_31,11,0.11,0.002644
20150713090135243_m0002_31,12,0.12,0.006115
20150713090135243_m0002_31,13,0.13,0.010363
20150713090135243_m0002_31,14,0.14,0.009608
20150713090135243_m0002_31,15,0.15,0.006008
20150713090135243_m0002_31,16,0.16,0.007864
20150713090135243_m0002_31,17,0.17,0.007202
20150713090135243_m0002_31,18,0.18,0.006851
20150713090135243_m0002_31,19,0.19,0.006659
20150713090135243_m0002_31,20,0.20,0.005771
20150713090135243_m0002_31,21,0.21,0.005294
20150713090135243_m0002_31,22,0.22,0.005070
20150713090135243_m0002_31,23,0.23,0.005330
20150713090135243_m0002_31,24,0.24,0.005289
20150713090135243_m0002_31,25,0.25,0.004047
20150713090135243_m0002_31,26,0.26,0.003234
20150713090135243_m0002_31,27,0.27,0.004257
20150713090135243_m0002_31,28,0.28,0.004866
20150713090135243_m0002_31,29,0.29,0.005070
20150713090135243_m0002_31,30,0.30,0.005246
20150713090135243_m0002_31,31,0.31,0.005611
20150713090135243_m0002_31,32,0.32,0.006512
20150713090135243_m0002_31,33,0.33,0.005210
20150713090135243_m0002_31,34,0.34,0.002861
20150713090135243_m0002_31,35,0.35,0.004546
20150713090135243_m0002_31,36,0.36,0.004905
20150713090135243_m0002_31,37,0.37,0.004853
20150713090135243_m0002_31,38,0.38,0.005057
20150713090135243_m0002_31,39,0.39,0.005223
20150713090135243_m0002_31,40,0.40,0.005554
20150713090135243_m0002_31,41,0.41,0.005952
20150713090135243_m0002_31,42,0.42,0.005832
20150713090135243_m0002_31,43,0.43,0.005643
20150713090135243_m0002_31,44,0.44,0.005259
20150713090135243_m0002_31,45,0.45,0.004844
20150713090135243_m0002_31,46,0.46,0.005594
20150713090135243_m0002_31,47,0.47,0.004669
20150713090135243_m0002_31,48,0.48,0.003947
20150713090135243_m0002_31,49,0.49,0.006402
20150713090135243_m0002_31,50,0.50,0.006786
20150713090135243_m0002_31,51,0.51,0.007468
20150713090135243_m0002_31,52,0.52,0.007830
20150713090135243_m0002_31,53,0.53,0.007816
20150713090135243_m0002_31,54,0.54,0.007345
20150713090135243_m0002_31,55,0.55,0.007172
20150713090135243_m0002_31,56,0.56,0.006710
20150713090135243_m0002_31,57,0.57,0.006146
20150713090135243_m0002_31,58,0.58,0.005788
20150713090135243_m0002_31,59,0.59,0.005710
20150713090135243_m0002_31,60,0.60,0.005549
20150713090135243_m0002_31,61,0.61,0.005005
20150713090135243_m0002_31,62,0.62,0.003877
20150713090135243_m0002_31,63,0.63,0.002779
20150713090135243_m0002_31,64,0.64,0.003378
20150713090135243_m0002_31,65,0.65,0.003498
20150713090135243_m0002_31,66,0.66,0.003462
20150713090135243_m0002_31,67,0.67,0.004300
20150713090135243_m0002_31,68,0.68,0.005242
20150713090135243_m0002_31,69,0.69,0.005080
20150713090135243_m0002_31,70,0.70,0.006289
20150713090135243_m0002_31,71,0.71,0.007885
20150713090135243_m0002_31,72,0.72,0.007544
20150713090135243_m0002_31,73,0.73,0.007493
20150713090135243_m0002_31,74,0.74,0.007300
20150713090135243_m0002_31,75,0.75,0.006883
20150713090135243_m0002_31,76,0.76,0.005622
20150713090135243_m0002_31,77,0.77,0.003664
20150713090135243_m0002_31,78,0.78,0.004260
20150713090135243_m0002_31,79,0.79,0.004467
20150713090135243_m0002_31,80,0.80,0.004349
20150713090135243_m0002_31,81,0.81,0.003138
20150713090135243_m0002_31,82,0.82,0.005231
20150713090135243_m0002_31,83,0.83,0.007571
20150713090135243_m0002_31,84,0.84,0.006054
20150713090135243_m0002_31,85,0.85,0.009310
20150713090135243_m0002_31,86,0.86,0.008579
20150713090135243_m0002_31,87,0.87,0.007914
20150713090135243_m0002_31,88,0.88,0.007449
20150713090135243_m0002_31,89,0.89,0.006891
20150713090135243_m0002_31,90,0.90,0.008396
20150713090135243_m0002_31,91,0.91,0.009162
20150713090135243_m0002_31,92,0.92,0.006012
20150713090135243_m0002_31,93,0.93,0.005841
20150713090135243_m0002_31,94,0.94,0.006861
20150713090135243_m0002_31,95,0.95,0.004488
20150713090135243_m0002_31,96,0.96,0.004497
20150713090135243_m0002_31,97,0.97,0.004704
20150713090135243_m0002_31,98,0.98,0.006368
20150713090135243_m0002_31,99,0.99,0.004557
20150713090135243_m0002_31,100,1.00,0.003424
20150713090135243_m0002_31,101,1.01,0.003801
20150713090135243_m0002_31,102,1.02,0.003440
20150713090135243_m0002_31,103,1.03,0.003533
20150713090135243_m0002_31,104,1.04,0.004238
20150713090135243_m0002_31,105,1.05,0.005626
20150713090135243_m0002_31,106,1.06,0.006076
20150713090135243_m0002_31,107,1.07,0.006134
20150713090135243_m0002_31,108,1.08,0.006560
20150713090135243_m0002_31,109,1.09,0.006214
20150713090135243_m0002_31,110,1.10,0.005994
20150713090135243_m0002_31,111,1.11,0.005422
20150713090135243_m0002_31,112,1.12,0.004220
20150713090135243_m0002_31,113,1.13,0.005149
20150713090135243_m0002_31,114,1.14,0.007150
20150713090135243_m0002_31,115,1.15,0.007899
20150713090135243_m0002_31,116,1.16,0.008193
20150713090135243_m0002_31,117,1.17,0.007216
20150713090135243_m0002_31,118,1.18,0.006017
20150713090135243_m0002_31,119,1.19,0.004297
20150713090135243_m0002_31,120,1.20,0.004416
20150713090135243_m0002_31,121,1.21,0.004314
20150713090135243_m0002_31,122,1.22,0.004413
20150713090135243_m0002_31,123,1.23,0.004555
20150713090135243_m0002_31,124,1.24,0.003558
20150713090135243_m0002_31,125,1.25,0.003220
20150713090135243_m0002_31,126,1.26,0.002917
20150713090135243_m0002_31,127,1.27,0.005504
20150713090135243_m0002_31,128,1.28,0.005332
20150713090135243_m0002_31,129,1.29,0.005747
20150713090135243_m0002_31,130,1.30,0.005496
20150713090135243_m0002_31,131,1.31,0.005735
20150713090135243_m0002_31,132,1.32,0.005741
20150713090135243_m0002_31,133,1.33,0.005542
20150713090135243_m0002_31,134,1.34,0.005385
20150713090135243_m0002_31,135,1.35,0.004859
20150713090135243_m0002_31,136,1.36,0.004521
20150713090135243_m0002_31,137,1.37,0.004217
20150713090135243_m0002_31,138,1.38,0.006412
20150713090135243_m0002_31,139,1.39,0.003941
20150713090135243_m0002_31,140,1.40,0.003000
20150713090135243_m0002_31,141,1.41,0.003155
20150713090135243_m0002_31,142,1.42,0.003678
20150713090135243_m0002_31,143,1.43,0.004087
20150713090135243_m0002_31,144,1.44,0.004337
20150713090135243_m0002_31,145,1.45,0.004543
20150713090135243_m0002_31,146,1.46,0.005898
20150713090135243_m0002_31,147,1.47,0.005453
20150713090135243_m0002_31,148,1.48,0.006366
20150713090135243_m0002_31,149,1.49,0.006155
20150713090135243_m0002_31,150,1.50,0.002911
20150713090135243_m0002_31,151,1.51,0.002331
20150713090135243_m0002_31,152,1.52,0.002772
20150713090135243_m0002_31,153,1.53,0.002893
20150713090135243_m0002_31,154,1.54,0.003328
20150713090135243_m0002_31,155,1.55,0.003462
20150713090135243_m0002_31,156,1.56,0.003372
20150713090135243_m0002_31,157,1.57,0.003458
20150713090135243_m0002_31,158,1.58,0.003493
20150713090135243_m0002_31,159,1.59,0.003526
20150713090135243_m0002_31,160,1.60,0.003335
20150713090135243_m0002_31,161,1.61,0.003195
20150713090135243_m0002_31,162,1.62,0.003206
20150713090135243_m0002_31,163,1.63,0.003256
20150713090135243_m0002_31,164,1.64,0.003161
20150713090135243_m0002_31,165,1.65,0.003239
20150713090135243_m0002_31,166,1.66,0.003197
20150713090135243_m0002_31,167,1.67,0.003070
20150713090135243_m0002_31,168,1.68,0.003243
20150713090135243_m0002_31,169,1.69,0.003207
20150713090135243_m0002_31,170,1.70,0.003155
20150713090135243_m0002_31,171,1.71,0.003240
20150713090135243_m0002_31,172,1.72,0.003211
20150713090135243_m0002_31,173,1.73,0.003344
20150713090135243_m0002_31,174,1.74,0.003279
20150713090135243_m0002_31,175,1.75,0.003011
20150713090135243_m0002_31,176,1.76,0.003575
20150713090135243_m0002_31,177,1.77,0.003503
20150713090135243_m0002_31,178,1.78,0.003214
20150713090135243_m0002_31,179,1.79,0.003005
20150713090135243_m0002_31,180,1.80,0.003106
20150713090135243_m0002_31,181,1.81,0.003047
20150713090135243_m0002_31,182,1.82,0.003014
20150713090135243_m0002_31,183,1.83,0.003169
20150713090135243_m0002_31,184,1.84,0.003219
20150713090135243_m0002_31,185,1.85,0.003345
20150713090135243_m0002_31,186,1.86,0.002991
20150713090135243_m0002_31,187,1.87,0.002942
20150713090135243_m0002_31,188,1.88,0.003089
20150713090135243_m0002_31,189,1.89,0.002989
20150713090135243_m0002_31,190,1.90,0.003067
20150713090135243_m0002_31,191,1.91,0.003268
20150713090135243_m0002_31,192,1.92,0.003260
20150713090135243_m0002_31,193,1.93,0.003052
20150713090135243_m0002_31,194,1.94,0.003103
20150713090135243_m0002_31,195,1.95,0.003354
20150713090135243_m0002_31,196,1.96,0.003290
20150713090135243_m0002_31,197,1.97,0.003685
20150713090135243_m0002_31,198,1.98,0.003443
20150713090135243_m0002_31,199,1.99,0.003322
20150713090135243_m0002_31,200,2.00,0.003188
20150713090135243_m0002_31,201,2.01,0.003350
20150713090135243_m0002_31,202,2.02,0.003398
20150713090135243_m0002_31,203,2.03,0.003399
20150713090135243_m0002_31,204,2.04,0.003324
20150713090135243_m0002_31,205,2.05,0.003603
20150713090135243_m0002_31,206,2.06,0.003446
20150713090135243_m0002_31,207,2.07,0.003719
20150713090135243_m0002_31,208,2.08,0.004296
20150306113258389_m0002_31,0,0.00,0.003178
20150306113258389_m0002_31,1,0.01,0.003199
20150306113258389_m0002_31,2,0.02,0.003497
20150306113258389_m0002_31,3,0.03,0.003639
20150306113258389_m0002_31,4,0.04,0.003420
20150306113258389_m0002_31,5,0.05,0.003115
20150306113258389_m0002_31,6,0.06,0.003756
20150306113258389_m0002_31,7,0.07,0.003643
20150306113258389_m0002_31,8,0.08,0.003631
20150306113258389_m0002_31,9,0.09,0.003567
20150306113258389_m0002_31,10,0.10,0.003374
20150306113258389_m0002_31,11,0.11,0.003681
20150306113258389_m0002_31,12,0.12,0.003765
20150306113258389_m0002_31,13,0.13,0.003521
20150306113258389_m0002_31,14,0.14,0.003786
20150306113258389_m0002_31,15,0.15,0.003998
20150306113258389_m0002_31,16,0.16,0.003752
20150306113258389_m0002_31,17,0.17,0.003936
20150306113258389_m0002_31,18,0.18,0.004242
20150306113258389_m0002_31,19,0.19,0.004120
20150306113258389_m0002_31,20,0.20,0.003585
20150306113258389_m0002_31,21,0.21,0.003585
20150306113258389_m0002_31,22,0.22,0.003936
20150306113258389_m0002_31,23,0.23,0.004228
20150306113258389_m0002_31,24,0.24,0.004902
20150306113258389_m0002_31,25,0.25,0.007139
20150306113258389_m0002_31,26,0.26,0.007323
20150306113258389_m0002_31,27,0.27,0.006770
20150306113258389_m0002_31,28,0.28,0.006661
20150306113258389_m0002_31,29,0.29,0.006805
20150306113258389_m0002_31,30,0.30,0.007212
20150306113258389_m0002_31,31,0.31,0.006350
20150306113258389_m0002_31,32,0.32,0.005490
20150306113258389_m0002_31,33,0.33,0.004881
20150306113258389_m0002_31,34,0.34,0.004971
20150306113258389_m0002_31,35,0.35,0.004816
20150306113258389_m0002_31,36,0.36,0.004450
20150306113258389_m0002_31,37,0.37,0.004376
20150306113258389_m0002_31,38,0.38,0.003457
20150306113258389_m0002_31,39,0.39,0.002847
20150306113258389_m0002_31,40,0.40,0.003550
20150306113258389_m0002_31,41,0.41,0.004067
20150306113258389_m0002_31,42,0.42,0.004099
20150306113258389_m0002_31,43,0.43,0.004114
20150306113258389_m0002_31,44,0.44,0.004991
20150306113258389_m0002_31,45,0.45,0.003546
20150306113258389_m0002_31,46,0.46,0.004183
20150306113258389_m0002_31,47,0.47,0.005410
20150306113258389_m0002_31,48,0.48,0.005506
20150306113258389_m0002_31,49,0.49,0.005394
20150306113258389_m0002_31,50,0.50,0.005365
20150306113258389_m0002_31,51,0.51,0.005332
20150306113258389_m0002_31,52,0.52,0.005182
20150306113258389_m0002_31,53,0.53,0.005190
20150306113258389_m0002_31,54,0.54,0.005292
20150306113258389_m0002_31,55,0.55,0.005383
20150306113258389_m0002_31,56,0.56,0.005226
20150306113258389_m0002_31,57,0.57,0.004388
20150306113258389_m0002_31,58,0.58,0.004183
20150306113258389_m0002_31,59,0.59,0.004497
20150306113258389_m0002_31,60,0.60,0.004178
20150306113258389_m0002_31,61,0.61,0.003828
20150306113258389_m0002_31,62,0.62,0.003200
20150306113258389_m0002_31,63,0.63,0.004451
20150306113258389_m0002_31,64,0.64,0.005324
20150306113258389_m0002_31,65,0.65,0.005452
20150306113258389_m0002_31,66,0.66,0.006246
20150306113258389_m0002_31,67,0.67,0.006954
20150306113258389_m0002_31,68,0.68,0.007921
20150306113258389_m0002_31,69,0.69,0.007770
20150306113258389_m0002_31,70,0.70,0.007459
20150306113258389_m0002_31,71,0.71,0.007683
20150306113258389_m0002_31,72,0.72,0.006784
20150306113258389_m0002_31,73,0.73,0.006729
20150306113258389_m0002_31,74,0.74,0.006303
20150306113258389_m0002_31,75,0.75,0.005596
20150306113258389_m0002_31,76,0.76,0.004154
20150306113258389_m0002_31,77,0.77,0.005758
20150306113258389_m0002_31,78,0.78,0.006243
20150306113258389_m0002_31,79,0.79,0.006555
20150306113258389_m0002_31,80,0.80,0.006444
20150306113258389_m0002_31,81,0.81,0.006539
20150306113258389_m0002_31,82,0.82,0.005096
20150306113258389_m0002_31,83,0.83,0.003851
20150306113258389_m0002_31,84,0.84,0.005041
20150306113258389_m0002_31,85,0.85,0.006959
20150306113258389_m0002_31,86,0.86,0.007334
20150306113258389_m0002_31,87,0.87,0.008235
20150306113258389_m0002_31,88,0.88,0.008925
20150306113258389_m0002_31,89,0.89,0.008180
20150306113258389_m0002_31,90,0.90,0.008066
20150306113258389_m0002_31,91,0.91,0.007335
20150306113258389_m0002_31,92,0.92,0.005973
20150306113258389_m0002_31,93,0.93,0.004027
20150306113258389_m0002_31,94,0.94,0.005011
20150306113258389_m0002_31,95,0.95,0.004307
20150306113258389_m0002_31,96,0.96,0.003839
20150306113258389_m0002_31,97,0.97,0.004886
20150306113258389_m0002_31,98,0.98,0.007958
20150306113258389_m0002_31,99,0.99,0.008670
20150306113258389_m0002_31,100,1.00,0.006049
20150306113258389_m0002_31,101,1.01,0.007347
20150306113258389_m0002_31,102,1.02,0.007463
20150306113258389_m0002_31,103,1.03,0.007107
20150306113258389_m0002_31,104,1.04,0.006699
20150306113258389_m0002_31,105,1.05,0.007069
20150306113258389_m0002_31,106,1.06,0.006561
20150306113258389_m0002_31,107,1.07,0.005977
20150306113258389_m0002_31,108,1.08,0.004937
20150306113258389_m0002_31,109,1.09,0.005028
20150306113258389_m0002_31,110,1.10,0.004966
20150306113258389_m0002_31,111,1.11,0.004123
20150306113258389_m0002_31,112,1.12,0.004552
20150306113258389_m0002_31,113,1.13,0.004774
20150306113258389_m0002_31,114,1.14,0.004820
20150306113258389_m0002_31,115,1.15,0.005410
20150306113258389_m0002_31,116,1.16,0.004902
20150306113258389_m0002_31,117,1.17,0.005714
20150306113258389_m0002_31,118,1.18,0.004143
20150306113258389_m0002_31,119,1.19,0.005464
20150306113258389_m0002_31,120,1.20,0.004845
20150306113258389_m0002_31,121,1.21,0.004157
20150306113258389_m0002_31,122,1.22,0.003804
20150306113258389_m0002_31,123,1.23,0.005111
20150306113258389_m0002_31,124,1.24,0.004876
20150306113258389_m0002_31,125,1.25,0.006382
20150306113258389_m0002_31,126,1.26,0.007344
20150306113258389_m0002_31,127,1.27,0.005804
20150306113258389_m0002_31,128,1.28,0.005151
20150306113258389_m0002_31,129,1.29,0.005350
20150306113258389_m0002_31,130,1.30,0.004721
20150306113258389_m0002_31,131,1.31,0.003333
20150306113258389_m0002_31,132,1.32,0.006490
20150306113258389_m0002_31,133,1.33,0.007543
20150306113258389_m0002_31,134,1.34,0.008215
20150306113258389_m0002_31,135,1.35,0.008199
20150306113258389_m0002_31,136,1.36,0.007259
20150306113258389_m0002_31,137,1.37,0.006116
20150306113258389_m0002_31,138,1.38,0.003999
20150306113258389_m0002_31,139,1.39,0.003435
20150306113258389_m0002_31,140,1.40,0.003712
20150306113258389_m0002_31,141,1.41,0.003656
20150306113258389_m0002_31,142,1.42,0.003459
20150306113258389_m0002_31,143,1.43,0.002820
20150306113258389_m0002_31,144,1.44,0.002711
20150306113258389_m0002_31,145,1.45,0.003989
20150306113258389_m0002_31,146,1.46,0.003854
20150306113258389_m0002_31,147,1.47,0.003676
20150306113258389_m0002_31,148,1.48,0.004273
20150306113258389_m0002_31,149,1.49,0.003870
20150306113258389_m0002_31,150,1.50,0.004616
20150306113258389_m0002_31,151,1.51,0.005399
20150306113258389_m0002_31,152,1.52,0.005760
20150306113258389_m0002_31,153,1.53,0.004505
20150306113258389_m0002_31,154,1.54,0.003331
20150306113258389_m0002_31,155,1.55,0.003380
20150306113258389_m0002_31,156,1.56,0.003478
20150306113258389_m0002_31,157,1.57,0.002650
20150306113258389_m0002_31,158,1.58,0.003042
20150306113258389_m0002_31,159,1.59,0.003059
20150306113258389_m0002_31,160,1.60,0.003480
20150306113258389_m0002_31,161,1.61,0.003524
20150306113258389_m0002_31,162,1.62,0.003535
20150306113258389_m0002_31,163,1.63,0.003289
20150306113258389_m0002_31,164,1.64,0.003567
20150306113258389_m0002_31,165,1.65,0.003708
20150306113258389_m0002_31,166,1.66,0.004372
20150306113258389_m0002_31,167,1.67,0.004603
20150306113258389_m0002_31,168,1.68,0.004336
20150306113258389_m0002_31,169,1.69,0.004571
20150306113258389_m0002_31,170,1.70,0.004182
20150306113258389_m0002_31,171,1.71,0.002357
20150306113258389_m0002_31,172,1.72,0.002485
20150306113258389_m0002_31,173,1.73,0.003248
20150306113258389_m0002_31,174,1.74,0.003411
20150306113258389_m0002_31,175,1.75,0.003694
20150306113258389_m0002_31,176,1.76,0.003814
20150306113258389_m0002_31,177,1.77,0.003532
20150306113258389_m0002_31,178,1.78,0.003646
20150306113258389_m0002_31,179,1.79,0.003747
20150306113258389_m0002_31,180,1.80,0.003608
20150306113258389_m0002_31,181,1.81,0.003458
20150306113258389_m0002_31,182,1.82,0.003251
20150306113258389_m0002_31,183,1.83,0.003462
20150306113258389_m0002_31,184,1.84,0.003245
20150306113258389_m0002_31,185,1.85,0.003503
20150306113258389_m0002_31,186,1.86,0.003066
20150306113258389_m0002_31,187,1.87,0.003133
20150306113258389_m0002_31,188,1.88,0.003032
20150306113258389_m0002_31,189,1.89,0.002799
20150306113258389_m0002_31,190,1.90,0.003159
20150306113258389_m0002_31,191,1.91,0.003201
20150306113258389_m0002_31,192,1.92,0.003004
20150306113258389_m0002_31,193,1.93,0.002849
20150306113258389_m0002_31,194,1.94,0.003152
20150306113258389_m0002_31,195,1.95,0.002976
20150306113258389_m0002_31,196,1.96,0.002925
20150306113258389_m0002_31,197,1.97,0.003010
20150306113258389_m0002_31,198,1.98,0.003381
20150306113258389_m0002_31,199,1.99,0.003446
20150306113258389_m0002_31,200,2.00,0.003223
20150306113258389_m0002_31,201,2.01,0.003164
20150306113258389_m0002_31,202,2.02,0.003389
20150306113258389_m0002_31,203,2.03,0.003179
20150306113258389_m0002_31,204,2.04,0.003315
20150306113258389_m0002_31,205,2.05,0.003441
20150306113258389_m0002_31,206,2.06,0.003876
20150306113258389_m0002_31,207,2.07,0.003699
20150306113258389_m0002_31,208,2.08,0.003574
20150306113258389_m0002_31,209,2.09,0.003821
20150306113258389_m0002_31,210,2.10,0.003536
20150306113258389_m0002_31,211,2.11,0.003579
20150306113258389_m0002_31,212,2.12,0.004203
20150811091723268_m0002_31,0,0.00,0.004373
20150811091723268_m0002_31,1,0.01,0.004391
20150811091723268_m0002_31,2,0.02,0.004601
20150811091723268_m0002_31,3,0.03,0.005407
20150811091723268_m0002_31,4,0.04,0.004405
20150811091723268_m0002_31,5,0.05,0.003976
20150811091723268_m0002_31,6,0.06,0.004437
20150811091723268_m0002_31,7,0.07,0.005561
20150811091723268_m0002_31,8,0.08,0.008133
20150811091723268_m0002_31,9,0.09,0.008884
20150811091723268_m0002_31,10,0.10,0.007635
20150811091723268_m0002_31,11,0.11,0.007094
20150811091723268_m0002_31,12,0.12,0.008685
20150811091723268_m0002_31,13,0.13,0.007974
20150811091723268_m0002_31,14,0.14,0.007376
20150811091723268_m0002_31,15,0.15,0.006907
20150811091723268_m0002_31,16,0.16,0.007536
20150811091723268_m0002_31,17,0.17,0.007338
20150811091723268_m0002_31,18,0.18,0.006961
20150811091723268_m0002_31,19,0.19,0.006718
20150811091723268_m0002_31,20,0.20,0.006900
20150811091723268_m0002_31,21,0.21,0.004636
20150811091723268_m0002_31,22,0.22,0.003544
20150811091723268_m0002_31,23,0.23,0.004532
20150811091723268_m0002_31,24,0.24,0.004839
20150811091723268_m0002_31,25,0.25,0.005298
20150811091723268_m0002_31,26,0.26,0.006070
20150811091723268_m0002_31,27,0.27,0.007423
20150811091723268_m0002_31,28,0.28,0.005046
20150811091723268_m0002_31,29,0.29,0.003332
20150811091723268_m0002_31,30,0.30,0.004880
20150811091723268_m0002_31,31,0.31,0.004966
20150811091723268_m0002_31,32,0.32,0.004859
20150811091723268_m0002_31,33,0.33,0.005334
20150811091723268_m0002_31,34,0.34,0.005533
20150811091723268_m0002_31,35,0.35,0.005204
20150811091723268_m0002_31,36,0.36,0.005177
20150811091723268_m0002_31,37,0.37,0.005055
20150811091723268_m0002_31,38,0.38,0.005266
20150811091723268_m0002_31,39,0.39,0.004923
20150811091723268_m0002_31,40,0.40,0.005216
20150811091723268_m0002_31,41,0.41,0.005164
20150811091723268_m0002_31,42,0.42,0.005400
20150811091723268_m0002_31,43,0.43,0.005403
20150811091723268_m0002_31,44,0.44,0.004400
20150811091723268_m0002_31,45,0.45,0.005383
20150811091723268_m0002_31,46,0.46,0.007848
20150811091723268_m0002_31,47,0.47,0.008176
20150811091723268_m0002_31,48,0.48,0.008426
20150811091723268_m0002_31,49,0.49,0.008646
20150811091723268_m0002_31,50,0.50,0.008175
20150811091723268_m0002_31,51,0.51,0.007780
20150811091723268_m0002_31,52,0.52,0.007782
20150811091723268_m0002_31,53,0.53,0.006881
20150811091723268_m0002_31,54,0.54,0.005532
20150811091723268_m0002_31,55,0.55,0.004449
20150811091723268_m0002_31,56,0.56,0.004138
20150811091723268_m0002_31,57,0.57,0.005192
20150811091723268_m0002_31,58,0.58,0.005560
20150811091723268_m0002_31,59,0.59,0.005681
20150811091723268_m0002_31,60,0.60,0.005361
20150811091723268_m0002_31,61,0.61,0.004699
20150811091723268_m0002_31,62,0.62,0.003663
20150811091723268_m0002_31,63,0.63,0.005502
20150811091723268_m0002_31,64,0.64,0.007389
20150811091723268_m0002_31,65,0.65,0.008320
20150811091723268_m0002_31,66,0.66,0.008897
20150811091723268_m0002_31,67,0.67,0.008741
20150811091723268_m0002_31,68,0.68,0.007156
20150811091723268_m0002_31,69,0.69,0.005873
20150811091723268_m0002_31,70,0.70,0.004076
20150811091723268_m0002_31,71,0.71,0.004374
20150811091723268_m0002_31,72,0.72,0.006265
20150811091723268_m0002_31,73,0.73,0.005390
20150811091723268_m0002_31,74,0.74,0.004872
20150811091723268_m0002_31,75,0.75,0.003644
20150811091723268_m0002_31,76,0.76,0.006154
20150811091723268_m0002_31,77,0.77,0.007581
20150811091723268_m0002_31,78,0.78,0.006176
20150811091723268_m0002_31,79,0.79,0.008047
20150811091723268_m0002_31,80,0.80,0.008490
20150811091723268_m0002_31,81,0.81,0.007629
20150811091723268_m0002_31,82,0.82,0.007409
20150811091723268_m0002_31,83,0.83,0.006782
20150811091723268_m0002_31,84,0.84,0.006771
20150811091723268_m0002_31,85,0.85,0.007265
20150811091723268_m0002_31,86,0.86,0.007672
20150811091723268_m0002_31,87,0.87,0.005182
20150811091723268_m0002_31,88,0.88,0.006044
20150811091723268_m0002_31,89,0.89,0.007091
20150811091723268_m0002_31,90,0.90,0.005334
20150811091723268_m0002_31,91,0.91,0.005695
20150811091723268_m0002_31,92,0.92,0.005764
20150811091723268_m0002_31,93,0.93,0.006051
20150811091723268_m0002_31,94,0.94,0.005437
20150811091723268_m0002_31,95,0.95,0.003405
20150811091723268_m0002_31,96,0.96,0.003748
20150811091723268_m0002_31,97,0.97,0.003552
20150811091723268_m0002_31,98,0.98,0.004439
20150811091723268_m0002_31,99,0.99,0.005324
20150811091723268_m0002_31,100,1.00,0.006730
20150811091723268_m0002_31,101,1.01,0.006228
20150811091723268_m0002_31,102,1.02,0.006633
20150811091723268_m0002_31,103,1.03,0.006727
20150811091723268_m0002_31,104,1.04,0.007017
20150811091723268_m0002_31,105,1.05,0.005732
20150811091723268_m0002_31,106,1.06,0.003862
20150811091723268_m0002_31,107,1.07,0.005654
20150811091723268_m0002_31,108,1.08,0.007593
20150811091723268_m0002_31,109,1.09,0.008683
20150811091723268_m0002_31,110,1.10,0.009002
20150811091723268_m0002_31,111,1.11,0.007723
20150811091723268_m0002_31,112,1.12,0.007700
20150811091723268_m0002_31,113,1.13,0.007243
20150811091723268_m0002_31,114,1.14,0.005288
20150811091723268_m0002_31,115,1.15,0.004317
20150811091723268_m0002_31,116,1.16,0.003810
20150811091723268_m0002_31,117,1.17,0.004015
20150811091723268_m0002_31,118,1.18,0.003826
20150811091723268_m0002_31,119,1.19,0.003330
20150811091723268_m0002_31,120,1.20,0.003395
20150811091723268_m0002_31,121,1.21,0.004131
20150811091723268_m0002_31,122,1.22,0.004562
20150811091723268_m0002_31,123,1.23,0.004724
20150811091723268_m0002_31,124,1.24,0.004598
20150811091723268_m0002_31,125,1.25,0.004473
20150811091723268_m0002_31,126,1.26,0.004761
20150811091723268_m0002_31,127,1.27,0.004515
20150811091723268_m0002_31,128,1.28,0.004431
20150811091723268_m0002_31,129,1.29,0.004489
20150811091723268_m0002_31,130,1.30,0.004534
20150811091723268_m0002_31,131,1.31,0.003938
20150811091723268_m0002_31,132,1.32,0.003751
20150811091723268_m0002_31,133,1.33,0.003992
20150811091723268_m0002_31,134,1.34,0.004093
20150811091723268_m0002_31,135,1.35,0.003690
20150811091723268_m0002_31,136,1.36,0.004567
20150811091723268_m0002_31,137,1.37,0.005016
20150811091723268_m0002_31,138,1.38,0.005454
20150811091723268_m0002_31,139,1.39,0.006415
20150811091723268_m0002_31,140,1.40,0.007127
20150811091723268_m0002_31,141,1.41,0.006405
20150811091723268_m0002_31,142,1.42,0.007024
20150811091723268_m0002_31,143,1.43,0.004454
20150811091723268_m0002_31,144,1.44,0.003154
20150811091723268_m0002_31,145,1.45,0.003770
20150811091723268_m0002_31,146,1.46,0.004236
20150811091723268_m0002_31,147,1.47,0.004830
20150811091723268_m0002_31,148,1.48,0.004861
20150811091723268_m0002_31,149,1.49,0.004542
20150811091723268_m0002_31,150,1.50,0.004497
20150811091723268_m0002_31,151,1.51,0.004893
20150811091723268_m0002_31,152,1.52,0.004464
20150811091723268_m0002_31,153,1.53,0.004375
20150811091723268_m0002_31,154,1.54,0.004722
20150811091723268_m0002_31,155,1.55,0.004453
20150811091723268_m0002_31,156,1.56,0.004144
20150811091723268_m0002_31,157,1.57,0.004385
20150811091723268_m0002_31,158,1.58,0.004638
20150811091723268_m0002_31,159,1.59,0.004212
20150811091723268_m0002_31,160,1.60,0.004131
20150811091723268_m0002_31,161,1.61,0.004638
20150811091723268_m0002_31,162,1.62,0.004211
20150811091723268_m0002_31,163,1.63,0.004205
20150811091723268_m0002_31,164,1.64,0.004561
20150811091723268_m0002_31,165,1.65,0.004655
20150811091723268_m0002_31,166,1.66,0.004416
20150811091723268_m0002_31,167,1.67,0.004481
20150811091723268_m0002_31,168,1.68,0.004511
20150811091723268_m0002_31,169,1.69,0.005119
20150811091723268_m0002_31,170,1.70,0.004681
20150811091723268_m0002_31,171,1.71,0.004379
20150811091723268_m0002_31,172,1.72,0.004587
20150811091723268_m0002_31,173,1.73,0.004718
20150811091723268_m0002_31,174,1.74,0.004861
20150811091723268_m0002_31,175,1.75,0.004606
20150811091723268_m0002_31,176,1.76,0.004387
20150811091723268_m0002_31,177,1.77,0.004774
20150811091723268_m0002_31,178,1.78,0.004700
20150811091723268_m0002_31,179,1.79,0.004818
20150811091723268_m0002_31,180,1.80,0.005025
20150302083627353_m0002_31,0,0.00,0.005100
20150302083627353_m0002_31,1,0.01,0.005040
20150302083627353_m0002_31,2,0.02,0.004502
20150302083627353_m0002_31,3,0.03,0.004424
20150302083627353_m0002_31,4,0.04,0.005687
20150302083627353_m0002_31,5,0.05,0.007292
20150302083627353_m0002_31,6,0.06,0.008101
20150302083627353_m0002_31,7,0.07,0.006956
20150302083627353_m0002_31,8,0.08,0.006747
20150302083627353_m0002_31,9,0.09,0.007791
20150302083627353_m0002_31,10,0.10,0.007452
20150302083627353_m0002_31,11,0.11,0.008025
20150302083627353_m0002_31,12,0.12,0.007872
20150302083627353_m0002_31,13,0.13,0.007169
20150302083627353_m0002_31,14,0.14,0.005417
20150302083627353_m0002_31,15,0.15,0.005112
20150302083627353_m0002_31,16,0.16,0.005505
20150302083627353_m0002_31,17,0.17,0.004741
20150302083627353_m0002_31,18,0.18,0.004371
20150302083627353_m0002_31,19,0.19,0.004730
20150302083627353_m0002_31,20,0.20,0.004734
20150302083627353_m0002_31,21,0.21,0.005524
20150302083627353_m0002_31,22,0.22,0.005654
20150302083627353_m0002_31,23,0.23,0.005159
20150302083627353_m0002_31,24,0.24,0.005661
20150302083627353_m0002_31,25,0.25,0.006216
20150302083627353_m0002_31,26,0.26,0.006734
20150302083627353_m0002_31,27,0.27,0.003868
20150302083627353_m0002_31,28,0.28,0.003836
20150302083627353_m0002_31,29,0.29,0.004648
20150302083627353_m0002_31,30,0.30,0.005255
20150302083627353_m0002_31,31,0.31,0.005882
20150302083627353_m0002_31,32,0.32,0.005977
20150302083627353_m0002_31,33,0.33,0.006214
20150302083627353_m0002_31,34,0.34,0.006408
20150302083627353_m0002_31,35,0.35,0.005934
20150302083627353_m0002_31,36,0.36,0.005474
20150302083627353_m0002_31,37,0.37,0.005122
20150302083627353_m0002_31,38,0.38,0.005326
20150302083627353_m0002_31,39,0.39,0.005071
20150302083627353_m0002_31,40,0.40,0.005207
20150302083627353_m0002_31,41,0.41,0.004774
20150302083627353_m0002_31,42,0.42,0.004476
20150302083627353_m0002_31,43,0.43,0.005994
20150302083627353_m0002_31,44,0.44,0.007168
20150302083627353_m0002_31,45,0.45,0.007595
20150302083627353_m0002_31,46,0.46,0.008775
20150302083627353_m0002_31,47,0.47,0.009379
20150302083627353_m0002_31,48,0.48,0.010291
20150302083627353_m0002_31,49,0.49,0.010742
20150302083627353_m0002_31,50,0.50,0.008939
20150302083627353_m0002_31,51,0.51,0.007127
20150302083627353_m0002_31,52,0.52,0.006729
20150302083627353_m0002_31,53,0.53,0.005294
20150302083627353_m0002_31,54,0.54,0.003882
20150302083627353_m0002_31,55,0.55,0.003979
20150302083627353_m0002_31,56,0.56,0.004758
20150302083627353_m0002_31,57,0.57,0.005023
20150302083627353_m0002_31,58,0.58,0.005345
20150302083627353_m0002_31,59,0.59,0.006390
20150302083627353_m0002_31,60,0.60,0.006105
20150302083627353_m0002_31,61,0.61,0.005101
20150302083627353_m0002_31,62,0.62,0.004686
20150302083627353_m0002_31,63,0.63,0.006778
20150302083627353_m0002_31,64,0.64,0.007445
20150302083627353_m0002_31,65,0.65,0.008343
20150302083627353_m0002_31,66,0.66,0.009074
20150302083627353_m0002_31,67,0.67,0.009045
20150302083627353_m0002_31,68,0.68,0.008078
20150302083627353_m0002_31,69,0.69,0.007868
20150302083627353_m0002_31,70,0.70,0.006453
20150302083627353_m0002_31,71,0.71,0.004886
20150302083627353_m0002_31,72,0.72,0.006251
20150302083627353_m0002_31,73,0.73,0.006254
20150302083627353_m0002_31,74,0.74,0.005812
20150302083627353_m0002_31,75,0.75,0.005863
20150302083627353_m0002_31,76,0.76,0.006558
20150302083627353_m0002_31,77,0.77,0.008584
20150302083627353_m0002_31,78,0.78,0.007047
20150302083627353_m0002_31,79,0.79,0.010109
20150302083627353_m0002_31,80,0.80,0.009992
20150302083627353_m0002_31,81,0.81,0.009458
20150302083627353_m0002_31,82,0.82,0.008282
20150302083627353_m0002_31,83,0.83,0.007708
20150302083627353_m0002_31,84,0.84,0.007938
20150302083627353_m0002_31,85,0.85,0.007212
20150302083627353_m0002_31,86,0.86,0.005967
20150302083627353_m0002_31,87,0.87,0.005975
20150302083627353_m0002_31,88,0.88,0.006722
20150302083627353_m0002_31,89,0.89,0.005332
20150302083627353_m0002_31,90,0.90,0.005759
20150302083627353_m0002_31,91,0.91,0.005778
20150302083627353_m0002_31,92,0.92,0.005923
20150302083627353_m0002_31,93,0.93,0.005552
20150302083627353_m0002_31,94,0.94,0.004189
20150302083627353_m0002_31,95,0.95,0.004179
20150302083627353_m0002_31,96,0.96,0.004378
20150302083627353_m0002_31,97,0.97,0.004780
20150302083627353_m0002_31,98,0.98,0.005490
20150302083627353_m0002_31,99,0.99,0.006305
20150302083627353_m0002_31,100,1.00,0.005865
20150302083627353_m0002_31,101,1.01,0.006495
20150302083627353_m0002_31,102,1.02,0.005648
20150302083627353_m0002_31,103,1.03,0.006212
20150302083627353_m0002_31,104,1.04,0.005843
20150302083627353_m0002_31,105,1.05,0.004890
20150302083627353_m0002_31,106,1.06,0.003708
20150302083627353_m0002_31,107,1.07,0.005889
20150302083627353_m0002_31,108,1.08,0.007277
20150302083627353_m0002_31,109,1.09,0.008685
20150302083627353_m0002_31,110,1.10,0.009331
20150302083627353_m0002_31,111,1.11,0.008020
20150302083627353_m0002_31,112,1.12,0.006439
20150302083627353_m0002_31,113,1.13,0.005459
20150302083627353_m0002_31,114,1.14,0.004324
20150302083627353_m0002_31,115,1.15,0.004303
20150302083627353_m0002_31,116,1.16,0.004848
20150302083627353_m0002_31,117,1.17,0.004714
20150302083627353_m0002_31,118,1.18,0.004217
20150302083627353_m0002_31,119,1.19,0.003725
20150302083627353_m0002_31,120,1.20,0.003746
20150302083627353_m0002_31,121,1.21,0.005307
20150302083627353_m0002_31,122,1.22,0.004274
20150302083627353_m0002_31,123,1.23,0.005070
20150302083627353_m0002_31,124,1.24,0.005455
20150302083627353_m0002_31,125,1.25,0.004063
20150302083627353_m0002_31,126,1.26,0.004525
20150302083627353_m0002_31,127,1.27,0.005391
20150302083627353_m0002_31,128,1.28,0.004801
20150302083627353_m0002_31,129,1.29,0.004679
20150302083627353_m0002_31,130,1.30,0.005199
20150302083627353_m0002_31,131,1.31,0.005376
20150302083627353_m0002_31,132,1.32,0.004655
20150302083627353_m0002_31,133,1.33,0.006008
20150302083627353_m0002_31,134,1.34,0.006144
20150302083627353_m0002_31,135,1.35,0.005946
20150302083627353_m0002_31,136,1.36,0.004939
20150302083627353_m0002_31,137,1.37,0.004704
20150302083627353_m0002_31,138,1.38,0.005297
20150302083627353_m0002_31,139,1.39,0.006308
20150302083627353_m0002_31,140,1.40,0.007294
20150302083627353_m0002_31,141,1.41,0.007535
20150302083627353_m0002_31,142,1.42,0.007421
20150302083627353_m0002_31,143,1.43,0.004175
20150302083627353_m0002_31,144,1.44,0.004010
20150302083627353_m0002_31,145,1.45,0.003848
20150302083627353_m0002_31,146,1.46,0.004414
20150302083627353_m0002_31,147,1.47,0.004632
20150302083627353_m0002_31,148,1.48,0.004581
20150302083627353_m0002_31,149,1.49,0.004565
20150302083627353_m0002_31,150,1.50,0.004351
20150302083627353_m0002_31,151,1.51,0.004315
20150302083627353_m0002_31,152,1.52,0.004106
20150302083627353_m0002_31,153,1.53,0.004484
20150302083627353_m0002_31,154,1.54,0.004232
20150302083627353_m0002_31,155,1.55,0.004496
20150302083627353_m0002_31,156,1.56,0.004471
20150302083627353_m0002_31,157,1.57,0.004312
20150302083627353_m0002_31,158,1.58,0.004370
20150302083627353_m0002_31,159,1.59,0.004000
20150302083627353_m0002_31,160,1.60,0.004334
20150302083627353_m0002_31,161,1.61,0.004632
20150302083627353_m0002_31,162,1.62,0.004473
20150302083627353_m0002_31,163,1.63,0.004793
20150302083627353_m0002_31,164,1.64,0.004928
20150302083627353_m0002_31,165,1.65,0.004651
20150302083627353_m0002_31,166,1.66,0.004666
20150302083627353_m0002_31,167,1.67,0.004902
20150302083627353_m0002_31,168,1.68,0.004850
20150302083627353_m0002_31,169,1.69,0.004488
20150302083627353_m0002_31,170,1.70,0.004457
20150302083627353_m0002_31,171,1.71,0.005576
20150713090256675_m0002_31,0,0.00,0.004906
20150713090256675_m0002_31,1,0.01,0.004897
20150713090256675_m0002_31,2,0.02,0.005015
20150713090256675_m0002_31,3,0.03,0.005270
20150713090256675_m0002_31,4,0.04,0.005344
20150713090256675_m0002_31,5,0.05,0.005360
20150713090256675_m0002_31,6,0.06,0.005508
20150713090256675_m0002_31,7,0.07,0.005296
20150713090256675_m0002_31,8,0.08,0.004644
20150713090256675_m0002_31,9,0.09,0.004219
20150713090256675_m0002_31,10,0.10,0.003163
20150713090256675_m0002_31,11,0.11,0.008421
20150713090256675_m0002_31,12,0.12,0.010685
20150713090256675_m0002_31,13,0.13,0.009156
20150713090256675_m0002_31,14,0.14,0.006199
20150713090256675_m0002_31,15,0.15,0.008669
20150713090256675_m0002_31,16,0.16,0.008199
20150713090256675_m0002_31,17,0.17,0.007631
20150713090256675_m0002_31,18,0.18,0.006754
20150713090256675_m0002_31,19,0.19,0.006052
20150713090256675_m0002_31,20,0.20,0.005564
20150713090256675_m0002_31,21,0.21,0.005442
20150713090256675_m0002_31,22,0.22,0.005867
20150713090256675_m0002_31,23,0.23,0.005398
20150713090256675_m0002_31,24,0.24,0.003762
20150713090256675_m0002_31,25,0.25,0.003250
20150713090256675_m0002_31,26,0.26,0.004085
20150713090256675_m0002_31,27,0.27,0.006214
20150713090256675_m0002_31,28,0.28,0.005882
20150713090256675_m0002_31,29,0.29,0.006984
20150713090256675_m0002_31,30,0.30,0.006741
20150713090256675_m0002_31,31,0.31,0.003385
20150713090256675_m0002_31,32,0.32,0.003799
20150713090256675_m0002_31,33,0.33,0.004894
20150713090256675_m0002_31,34,0.34,0.005090
20150713090256675_m0002_31,35,0.35,0.004959
20150713090256675_m0002_31,36,0.36,0.005642
20150713090256675_m0002_31,37,0.37,0.005579
20150713090256675_m0002_31,38,0.38,0.005086
20150713090256675_m0002_31,39,0.39,0.005635
20150713090256675_m0002_31,40,0.40,0.005505
20150713090256675_m0002_31,41,0.41,0.005760
20150713090256675_m0002_31,42,0.42,0.006205
20150713090256675_m0002_31,43,0.43,0.006830
20150713090256675_m0002_31,44,0.44,0.005154
20150713090256675_m0002_31,45,0.45,0.004154
20150713090256675_m0002_31,46,0.46,0.006137
20150713090256675_m0002_31,47,0.47,0.007046
20150713090256675_m0002_31,48,0.48,0.007239
20150713090256675_m0002_31,49,0.49,0.008199
20150713090256675_m0002_31,50,0.50,0.007901
20150713090256675_m0002_31,51,0.51,0.007641
20150713090256675_m0002_31,52,0.52,0.007520
20150713090256675_m0002_31,53,0.53,0.007658
20150713090256675_m0002_31,54,0.54,0.007132
20150713090256675_m0002_31,55,0.55,0.007412
20150713090256675_m0002_31,56,0.56,0.005497
20150713090256675_m0002_31,57,0.57,0.004841
20150713090256675_m0002_31,58,0.58,0.006642
20150713090256675_m0002_31,59,0.59,0.006738
20150713090256675_m0002_31,60,0.60,0.007226
20150713090256675_m0002_31,61,0.61,0.006729
20150713090256675_m0002_31,62,0.62,0.005640
20150713090256675_m0002_31,63,0.63,0.004797
20150713090256675_m0002_31,64,0.64,0.007113
20150713090256675_m0002_31,65,0.65,0.008239
20150713090256675_m0002_31,66,0.66,0.008940
20150713090256675_m0002_31,67,0.67,0.008456
20150713090256675_m0002_31,68,0.68,0.008522
20150713090256675_m0002_31,69,0.69,0.008363
20150713090256675_m0002_31,70,0.70,0.007735
20150713090256675_m0002_31,71,0.71,0.005901
20150713090256675_m0002_31,72,0.72,0.005421
20150713090256675_m0002_31,73,0.73,0.006282
20150713090256675_m0002_31,74,0.74,0.006364
20150713090256675_m0002_31,75,0.75,0.004614
20150713090256675_m0002_31,76,0.76,0.004017
20150713090256675_m0002_31,77,0.77,0.010995
20150713090256675_m0002_31,78,0.78,0.009619
20150713090256675_m0002_31,79,0.79,0.005654
20150713090256675_m0002_31,80,0.80,0.010591
20150713090256675_m0002_31,81,0.81,0.009848
20150713090256675_m0002_31,82,0.82,0.009434
20150713090256675_m0002_31,83,0.83,0.009103
20150713090256675_m0002_31,84,0.84,0.008756
20150713090256675_m0002_31,85,0.85,0.007852
20150713090256675_m0002_31,86,0.86,0.005741
20150713090256675_m0002_31,87,0.87,0.006115
20150713090256675_m0002_31,88,0.88,0.005244
20150713090256675_m0002_31,89,0.89,0.007188
20150713090256675_m0002_31,90,0.90,0.006159
20150713090256675_m0002_31,91,0.91,0.006271
20150713090256675_m0002_31,92,0.92,0.004721
20150713090256675_m0002_31,93,0.93,0.003557
20150713090256675_m0002_31,94,0.94,0.003879
20150713090256675_m0002_31,95,0.95,0.003914
20150713090256675_m0002_31,96,0.96,0.004700
20150713090256675_m0002_31,97,0.97,0.005797
20150713090256675_m0002_31,98,0.98,0.006082
20150713090256675_m0002_31,99,0.99,0.006283
20150713090256675_m0002_31,100,1.00,0.006500
20150713090256675_m0002_31,101,1.01,0.006489
20150713090256675_m0002_31,102,1.02,0.006654
20150713090256675_m0002_31,103,1.03,0.005921
20150713090256675_m0002_31,104,1.04,0.004884
20150713090256675_m0002_31,105,1.05,0.006465
20150713090256675_m0002_31,106,1.06,0.009331
20150713090256675_m0002_31,107,1.07,0.009585
20150713090256675_m0002_31,108,1.08,0.009188
20150713090256675_m0002_31,109,1.09,0.007559
20150713090256675_m0002_31,110,1.10,0.006095
20150713090256675_m0002_31,111,1.11,0.005717
20150713090256675_m0002_31,112,1.12,0.005819
20150713090256675_m0002_31,113,1.13,0.005268
20150713090256675_m0002_31,114,1.14,0.005828
20150713090256675_m0002_31,115,1.15,0.003773
20150713090256675_m0002_31,116,1.16,0.003063
20150713090256675_m0002_31,117,1.17,0.003969
20150713090256675_m0002_31,118,1.18,0.004598
20150713090256675_m0002_31,119,1.19,0.005629
20150713090256675_m0002_31,120,1.20,0.006175
20150713090256675_m0002_31,121,1.21,0.005513
20150713090256675_m0002_31,122,1.22,0.005571
20150713090256675_m0002_31,123,1.23,0.006018
20150713090256675_m0002_31,124,1.24,0.005721
20150713090256675_m0002_31,125,1.25,0.005836
20150713090256675_m0002_31,126,1.26,0.005412
20150713090256675_m0002_31,127,1.27,0.004897
20150713090256675_m0002_31,128,1.28,0.004949
20150713090256675_m0002_31,129,1.29,0.004257
20150713090256675_m0002_31,130,1.30,0.004708
20150713090256675_m0002_31,131,1.31,0.003303
20150713090256675_m0002_31,132,1.32,0.004019
20150713090256675_m0002_31,133,1.33,0.005920
20150713090256675_m0002_31,134,1.34,0.007554
20150713090256675_m0002_31,135,1.35,0.007802
20150713090256675_m0002_31,136,1.36,0.009096
20150713090256675_m0002_31,137,1.37,0.008035
20150713090256675_m0002_31,138,1.38,0.007608
20150713090256675_m0002_31,139,1.39,0.006421
20150713090256675_m0002_31,140,1.40,0.005884
20150713090256675_m0002_31,141,1.41,0.004881
20150713090256675_m0002_31,142,1.42,0.005367
20150713090256675_m0002_31,143,1.43,0.005056
20150713090256675_m0002_31,144,1.44,0.005749
20150713090256675_m0002_31,145,1.45,0.004824
20150713090256675_m0002_31,146,1.46,0.004774
20150713090256675_m0002_31,147,1.47,0.005292
20150713090256675_m0002_31,148,1.48,0.005219
20150713090256675_m0002_31,149,1.49,0.004754
20150713090256675_m0002_31,150,1.50,0.004434
20150713090256675_m0002_31,151,1.51,0.004265
20150713090256675_m0002_31,152,1.52,0.005051
20150713090256675_m0002_31,153,1.53,0.005196
20150713090256675_m0002_31,154,1.54,0.005323
20150713090256675_m0002_31,155,1.55,0.005194
20150713090256675_m0002_31,156,1.56,0.004763
20150713090256675_m0002_31,157,1.57,0.004592
20150713090256675_m0002_31,158,1.58,0.004538
20150713090256675_m0002_31,159,1.59,0.004875
20150713090256675_m0002_31,160,1.60,0.005067
20150713090256675_m0002_31,161,1.61,0.005315
20150713090256675_m0002_31,162,1.62,0.005024
20150713090256675_m0002_31,163,1.63,0.005398
20150713090256675_m0002_31,164,1.64,0.006295
20150727093234978_m0002_31,0,0.00,0.003586
20150727093234978_m0002_31,1,0.01,0.003509
20150727093234978_m0002_31,2,0.02,0.003423
20150727093234978_m0002_31,3,0.03,0.003625
20150727093234978_m0002_31,4,0.04,0.003368
20150727093234978_m0002_31,5,0.05,0.003275
20150727093234978_m0002_31,6,0.06,0.004295
20150727093234978_m0002_31,7,0.07,0.004603
20150727093234978_m0002_31,8,0.08,0.004815
20150727093234978_m0002_31,9,0.09,0.004697
20150727093234978_m0002_31,10,0.10,0.004775
20150727093234978_m0002_31,11,0.11,0.004657
20150727093234978_m0002_31,12,0.12,0.004671
20150727093234978_m0002_31,13,0.13,0.004481
20150727093234978_m0002_31,14,0.14,0.004713
20150727093234978_m0002_31,15,0.15,0.004602
20150727093234978_m0002_31,16,0.16,0.004998
20150727093234978_m0002_31,17,0.17,0.003323
20150727093234978_m0002_31,18,0.18,0.005862
20150727093234978_m0002_31,19,0.19,0.006567
20150727093234978_m0002_31,20,0.20,0.005241
20150727093234978_m0002_31,21,0.21,0.006181
20150727093234978_m0002_31,22,0.22,0.006607
20150727093234978_m0002_31,23,0.23,0.005982
20150727093234978_m0002_31,24,0.24,0.006670
20150727093234978_m0002_31,25,0.25,0.006301
20150727093234978_m0002_31,26,0.26,0.005558
20150727093234978_m0002_31,27,0.27,0.005461
20150727093234978_m0002_31,28,0.28,0.005300
20150727093234978_m0002_31,29,0.29,0.002840
20150727093234978_m0002_31,30,0.30,0.003949
20150727093234978_m0002_31,31,0.31,0.004672
20150727093234978_m0002_31,32,0.32,0.005613
20150727093234978_m0002_31,33,0.33,0.004656
20150727093234978_m0002_31,34,0.34,0.003941
20150727093234978_m0002_31,35,0.35,0.004198
20150727093234978_m0002_31,36,0.36,0.004010
20150727093234978_m0002_31,37,0.37,0.003843
20150727093234978_m0002_31,38,0.38,0.003312
20150727093234978_m0002_31,39,0.39,0.004282
20150727093234978_m0002_31,40,0.40,0.005117
20150727093234978_m0002_31,41,0.41,0.005203
20150727093234978_m0002_31,42,0.42,0.005911
20150727093234978_m0002_31,43,0.43,0.006089
20150727093234978_m0002_31,44,0.44,0.005884
20150727093234978_m0002_31,45,0.45,0.006465
20150727093234978_m0002_31,46,0.46,0.006539
20150727093234978_m0002_31,47,0.47,0.006556
20150727093234978_m0002_31,48,0.48,0.005769
20150727093234978_m0002_31,49,0.49,0.005749
20150727093234978_m0002_31,50,0.50,0.005942
20150727093234978_m0002_31,51,0.51,0.006124
20150727093234978_m0002_31,52,0.52,0.005296
20150727093234978_m0002_31,53,0.53,0.004775
20150727093234978_m0002_31,54,0.54,0.006280
20150727093234978_m0002_31,55,0.55,0.007019
20150727093234978_m0002_31,56,0.56,0.007974
20150727093234978_m0002_31,57,0.57,0.008255
20150727093234978_m0002_31,58,0.58,0.007679
20150727093234978_m0002_31,59,0.59,0.007589
20150727093234978_m0002_31,60,0.60,0.007547
20150727093234978_m0002_31,61,0.61,0.006501
20150727093234978_m0002_31,62,0.62,0.005841
20150727093234978_m0002_31,63,0.63,0.006178
20150727093234978_m0002_31,64,0.64,0.006555
20150727093234978_m0002_31,65,0.65,0.006317
20150727093234978_m0002_31,66,0.66,0.005608
20150727093234978_m0002_31,67,0.67,0.004419
20150727093234978_m0002_31,68,0.68,0.005276
20150727093234978_m0002_31,69,0.69,0.005627
20150727093234978_m0002_31,70,0.70,0.004767
20150727093234978_m0002_31,71,0.71,0.004266
20150727093234978_m0002_31,72,0.72,0.006638
20150727093234978_m0002_31,73,0.73,0.007664
20150727093234978_m0002_31,74,0.74,0.007438
20150727093234978_m0002_31,75,0.75,0.008368
20150727093234978_m0002_31,76,0.76,0.008335
20150727093234978_m0002_31,77,0.77,0.008120
20150727093234978_m0002_31,78,0.78,0.007639
20150727093234978_m0002_31,79,0.79,0.006813
20150727093234978_m0002_31,80,0.80,0.006025
20150727093234978_m0002_31,81,0.81,0.003531
20150727093234978_m0002_31,82,0.82,0.005031
20150727093234978_m0002_31,83,0.83,0.006268
20150727093234978_m0002_31,84,0.84,0.005392
20150727093234978_m0002_31,85,0.85,0.005278
20150727093234978_m0002_31,86,0.86,0.003662
20150727093234978_m0002_31,87,0.87,0.004238
20150727093234978_m0002_31,88,0.88,0.003445
20150727093234978_m0002_31,89,0.89,0.004761
20150727093234978_m0002_31,90,0.90,0.005201
20150727093234978_m0002_31,91,0.91,0.006344
20150727093234978_m0002_31,92,0.92,0.005356
20150727093234978_m0002_31,93,0.93,0.005232
20150727093234978_m0002_31,94,0.94,0.006297
20150727093234978_m0002_31,95,0.95,0.006271
20150727093234978_m0002_31,96,0.96,0.005273
20150727093234978_m0002_31,97,0.97,0.003740
20150727093234978_m0002_31,98,0.98,0.003376
20150727093234978_m0002_31,99,0.99,0.005185
20150727093234978_m0002_31,100,1.00,0.005702
20150727093234978_m0002_31,101,1.01,0.004996
20150727093234978_m0002_31,102,1.02,0.005405
20150727093234978_m0002_31,103,1.03,0.004103
20150727093234978_m0002_31,104,1.04,0.004432
20150727093234978_m0002_31,105,1.05,0.005145
20150727093234978_m0002_31,106,1.06,0.006173
20150727093234978_m0002_31,107,1.07,0.006327
20150727093234978_m0002_31,108,1.08,0.006362
20150727093234978_m0002_31,109,1.09,0.006412
20150727093234978_m0002_31,110,1.10,0.005488
20150727093234978_m0002_31,111,1.11,0.006129
20150727093234978_m0002_31,112,1.12,0.005554
20150727093234978_m0002_31,113,1.13,0.004725
20150727093234978_m0002_31,114,1.14,0.004260
20150727093234978_m0002_31,115,1.15,0.005854
20150727093234978_m0002_31,116,1.16,0.007515
20150727093234978_m0002_31,117,1.17,0.009180
20150727093234978_m0002_31,118,1.18,0.009417
20150727093234978_m0002_31,119,1.19,0.009596
20150727093234978_m0002_31,120,1.20,0.007072
20150727093234978_m0002_31,121,1.21,0.005914
20150727093234978_m0002_31,122,1.22,0.005343
20150727093234978_m0002_31,123,1.23,0.003575
20150727093234978_m0002_31,124,1.24,0.003168
20150727093234978_m0002_31,125,1.25,0.003232
20150727093234978_m0002_31,126,1.26,0.003001
20150727093234978_m0002_31,127,1.27,0.002919
20150727093234978_m0002_31,128,1.28,0.002961
20150727093234978_m0002_31,129,1.29,0.003117
20150727093234978_m0002_31,130,1.30,0.003115
20150727093234978_m0002_31,131,1.31,0.002497
20150727093234978_m0002_31,132,1.32,0.002584
20150727093234978_m0002_31,133,1.33,0.003850
20150727093234978_m0002_31,134,1.34,0.002070
20150727093234978_m0002_31,135,1.35,0.002051
20150727093234978_m0002_31,136,1.36,0.005257
20150727093234978_m0002_31,137,1.37,0.002089
20150727093234978_m0002_31,138,1.38,0.002215
20150727093234978_m0002_31,139,1.39,0.002216
20150727093234978_m0002_31,140,1.40,0.003410
20150727093234978_m0002_31,141,1.41,0.003248
20150727093234978_m0002_31,142,1.42,0.002677
20150727093234978_m0002_31,143,1.43,0.003473
20150727093234978_m0002_31,144,1.44,0.003560
20150727093234978_m0002_31,145,1.45,0.003699
20150727093234978_m0002_31,146,1.46,0.004473
20150727093234978_m0002_31,147,1.47,0.004579
20150727093234978_m0002_31,148,1.48,0.004956
20150727093234978_m0002_31,149,1.49,0.004961
20150727093234978_m0002_31,150,1.50,0.004075
20150727093234978_m0002_31,151,1.51,0.005962
20150727093234978_m0002_31,152,1.52,0.003361
20150727093234978_m0002_31,153,1.53,0.003495
20150727093234978_m0002_31,154,1.54,0.003828
20150727093234978_m0002_31,155,1.55,0.003979
20150727093234978_m0002_31,156,1.56,0.003761
20150727093234978_m0002_31,157,1.57,0.004120
20150727093234978_m0002_31,158,1.58,0.004070
20150727093234978_m0002_31,159,1.59,0.004168
20150727093234978_m0002_31,160,1.60,0.003686
20150727093234978_m0002_31,161,1.61,0.003542
20150727093234978_m0002_31,162,1.62,0.003346
20150727093234978_m0002_31,163,1.63,0.003469
20150727093234978_m0002_31,164,1.64,0.003690
20150727093234978_m0002_31,165,1.65,0.003874
20150727093234978_m0002_31,166,1.66,0.003573
20150727093234978_m0002_31,167,1.67,0.003781
20150727093234978_m0002_31,168,1.68,0.004245
20150727093234978_m0002_31,169,1.69,0.003886
20150727093234978_m0002_31,170,1.70,0.003496
20150727093234978_m0002_31,171,1.71,0.003160
20150727093234978_m0002_31,172,1.72,0.003527
20150727093234978_m0002_31,173,1.73,0.003700
20150727093234978_m0002_31,174,1.74,0.003287
20150727093234978_m0002_31,175,1.75,0.003243
20150727093234978_m0002_31,176,1.76,0.003491
20150727093234978_m0002_31,177,1.77,0.003715
20150727093234978_m0002_31,178,1.78,0.003729
20150727093234978_m0002_31,179,1.79,0.003813
20150727093234978_m0002_31,180,1.80,0.003515
20150727093234978_m0002_31,181,1.81,0.003646
20150727093234978_m0002_31,182,1.82,0.003682
20150727093234978_m0002_31,183,1.83,0.003701
20150727093234978_m0002_31,184,1.84,0.003614
20150727093234978_m0002_31,185,1.85,0.003614
20150727093234978_m0002_31,186,1.86,0.003464
20150727093234978_m0002_31,187,1.87,0.003639
20150727093234978_m0002_31,188,1.88,0.003376
20150727093234978_m0002_31,189,1.89,0.003280
20150727093234978_m0002_31,190,1.90,0.003209
20150727093234978_m0002_31,191,1.91,0.003055
20150727093234978_m0002_31,192,1.92,0.003247
20150727093234978_m0002_31,193,1.93,0.003319
20150727093234978_m0002_31,194,1.94,0.003639
20150727093234978_m0002_31,195,1.95,0.003761
20150727093234978_m0002_31,196,1.96,0.003669
20150727093234978_m0002_31,197,1.97,0.003623
20150727093234978_m0002_31,198,1.98,0.003592
20150727093234978_m0002_31,199,1.99,0.003802
20150727093234978_m0002_31,200,2.00,0.003845
20150727093234978_m0002_31,201,2.01,0.004002
20150727093234978_m0002_31,202,2.02,0.004076
20150727093234978_m0002_31,203,2.03,0.004030
20150727093234978_m0002_31,204,2.04,0.004000
20150727093234978_m0002_31,205,2.05,0.003837
20150727093234978_m0002_31,206,2.06,0.004013
20150727093234978_m0002_31,207,2.07,0.004182
20150727093234978_m0002_31,208,2.08,0.003848
20150727093234978_m0002_31,209,2.09,0.003663
20150727093234978_m0002_31,210,2.10,0.004440
20150727093431588_m0002_31,0,0.00,0.003805
20150727093431588_m0002_31,1,0.01,0.003990
20150727093431588_m0002_31,2,0.02,0.004087
20150727093431588_m0002_31,3,0.03,0.004101
20150727093431588_m0002_31,4,0.04,0.003915
20150727093431588_m0002_31,5,0.05,0.004021
20150727093431588_m0002_31,6,0.06,0.003247
20150727093431588_m0002_31,7,0.07,0.003031
20150727093431588_m0002_31,8,0.08,0.003109
20150727093431588_m0002_31,9,0.09,0.002726
20150727093431588_m0002_31,10,0.10,0.002636
20150727093431588_m0002_31,11,0.11,0.002761
20150727093431588_m0002_31,12,0.12,0.003359
20150727093431588_m0002_31,13,0.13,0.003503
20150727093431588_m0002_31,14,0.14,0.003720
20150727093431588_m0002_31,15,0.15,0.003781
20150727093431588_m0002_31,16,0.16,0.004084
20150727093431588_m0002_31,17,0.17,0.004063
20150727093431588_m0002_31,18,0.18,0.004129
20150727093431588_m0002_31,19,0.19,0.004388
20150727093431588_m0002_31,20,0.20,0.004194
20150727093431588_m0002_31,21,0.21,0.004683
20150727093431588_m0002_31,22,0.22,0.004532
20150727093431588_m0002_31,23,0.23,0.004491
20150727093431588_m0002_31,24,0.24,0.003418
20150727093431588_m0002_31,25,0.25,0.003074
20150727093431588_m0002_31,26,0.26,0.005914
20150727093431588_m0002_31,27,0.27,0.007327
20150727093431588_m0002_31,28,0.28,0.008316
20150727093431588_m0002_31,29,0.29,0.007710
20150727093431588_m0002_31,30,0.30,0.005950
20150727093431588_m0002_31,31,0.31,0.008302
20150727093431588_m0002_31,32,0.32,0.007433
20150727093431588_m0002_31,33,0.33,0.006247
20150727093431588_m0002_31,34,0.34,0.006110
20150727093431588_m0002_31,35,0.35,0.005367
20150727093431588_m0002_31,36,0.36,0.004708
20150727093431588_m0002_31,37,0.37,0.004848
20150727093431588_m0002_31,38,0.38,0.004884
20150727093431588_m0002_31,39,0.39,0.004781
20150727093431588_m0002_31,40,0.40,0.003749
20150727093431588_m0002_31,41,0.41,0.004023
20150727093431588_m0002_31,42,0.42,0.005780
20150727093431588_m0002_31,43,0.43,0.007296
20150727093431588_m0002_31,44,0.44,0.005702
20150727093431588_m0002_31,45,0.45,0.005561
20150727093431588_m0002_31,46,0.46,0.005436
20150727093431588_m0002_31,47,0.47,0.006516
20150727093431588_m0002_31,48,0.48,0.005251
20150727093431588_m0002_31,49,0.49,0.005427
20150727093431588_m0002_31,50,0.50,0.003285
20150727093431588_m0002_31,51,0.51,0.004364
20150727093431588_m0002_31,52,0.52,0.005397
20150727093431588_m0002_31,53,0.53,0.005057
20150727093431588_m0002_31,54,0.54,0.005017
20150727093431588_m0002_31,55,0.55,0.005119
20150727093431588_m0002_31,56,0.56,0.005348
20150727093431588_m0002_31,57,0.57,0.005018
20150727093431588_m0002_31,58,0.58,0.005191
20150727093431588_m0002_31,59,0.59,0.004896
20150727093431588_m0002_31,60,0.60,0.004992
20150727093431588_m0002_31,61,0.61,0.004508
20150727093431588_m0002_31,62,0.62,0.005066
20150727093431588_m0002_31,63,0.63,0.005793
20150727093431588_m0002_31,64,0.64,0.005317
20150727093431588_m0002_31,65,0.65,0.004671
20150727093431588_m0002_31,66,0.66,0.003299
20150727093431588_m0002_31,67,0.67,0.005548
20150727093431588_m0002_31,68,0.68,0.006054
20150727093431588_m0002_31,69,0.69,0.007210
20150727093431588_m0002_31,70,0.70,0.007028
20150727093431588_m0002_31,71,0.71,0.006830
20150727093431588_m0002_31,72,0.72,0.006447
20150727093431588_m0002_31,73,0.73,0.005865
20150727093431588_m0002_31,74,0.74,0.005425
20150727093431588_m0002_31,75,0.75,0.005372
20150727093431588_m0002_31,76,0.76,0.004378
20150727093431588_m0002_31,77,0.77,0.004285
20150727093431588_m0002_31,78,0.78,0.005679
20150727093431588_m0002_31,79,0.79,0.005638
20150727093431588_m0002_31,80,0.80,0.005806
20150727093431588_m0002_31,81,0.81,0.006381
20150727093431588_m0002_31,82,0.82,0.006248
20150727093431588_m0002_31,83,0.83,0.005861
20150727093431588_m0002_31,84,0.84,0.004930
20150727093431588_m0002_31,85,0.85,0.005985
20150727093431588_m0002_31,86,0.86,0.006712
20150727093431588_m0002_31,87,0.87,0.006687
20150727093431588_m0002_31,88,0.88,0.007066
20150727093431588_m0002_31,89,0.89,0.007018
20150727093431588_m0002_31,90,0.90,0.005688
20150727093431588_m0002_31,91,0.91,0.004498
20150727093431588_m0002_31,92,0.92,0.005584
20150727093431588_m0002_31,93,0.93,0.006795
20150727093431588_m0002_31,94,0.94,0.006284
20150727093431588_m0002_31,95,0.95,0.004712
20150727093431588_m0002_31,96,0.96,0.004098
20150727093431588_m0002_31,97,0.97,0.004183
20150727093431588_m0002_31,98,0.98,0.005213
20150727093431588_m0002_31,99,0.99,0.005627
20150727093431588_m0002_31,100,1.00,0.004984
20150727093431588_m0002_31,101,1.01,0.003239
20150727093431588_m0002_31,102,1.02,0.006182
20150727093431588_m0002_31,103,1.03,0.006807
20150727093431588_m0002_31,104,1.04,0.007049
20150727093431588_m0002_31,105,1.05,0.004645
20150727093431588_m0002_31,106,1.06,0.006056
20150727093431588_m0002_31,107,1.07,0.006972
20150727093431588_m0002_31,108,1.08,0.005697
20150727093431588_m0002_31,109,1.09,0.004895
20150727093431588_m0002_31,110,1.10,0.004947
20150727093431588_m0002_31,111,1.11,0.004592
20150727093431588_m0002_31,112,1.12,0.004390
20150727093431588_m0002_31,113,1.13,0.004430
20150727093431588_m0002_31,114,1.14,0.004474
20150727093431588_m0002_31,115,1.15,0.003622
20150727093431588_m0002_31,116,1.16,0.003707
20150727093431588_m0002_31,117,1.17,0.004352
20150727093431588_m0002_31,118,1.18,0.005112
20150727093431588_m0002_31,119,1.19,0.004260
20150727093431588_m0002_31,120,1.20,0.004044
20150727093431588_m0002_31,121,1.21,0.003143
20150727093431588_m0002_31,122,1.22,0.003326
20150727093431588_m0002_31,123,1.23,0.004000
20150727093431588_m0002_31,124,1.24,0.003958
20150727093431588_m0002_31,125,1.25,0.004762
20150727093431588_m0002_31,126,1.26,0.005776
20150727093431588_m0002_31,127,1.27,0.006079
20150727093431588_m0002_31,128,1.28,0.005945
20150727093431588_m0002_31,129,1.29,0.005911
20150727093431588_m0002_31,130,1.30,0.005568
20150727093431588_m0002_31,131,1.31,0.005115
20150727093431588_m0002_31,132,1.32,0.003728
20150727093431588_m0002_31,133,1.33,0.005528
20150727093431588_m0002_31,134,1.34,0.006886
20150727093431588_m0002_31,135,1.35,0.007866
20150727093431588_m0002_31,136,1.36,0.007754
20150727093431588_m0002_31,137,1.37,0.006330
20150727093431588_m0002_31,138,1.38,0.005230
20150727093431588_m0002_31,139,1.39,0.004777
20150727093431588_m0002_31,140,1.40,0.004356
20150727093431588_m0002_31,141,1.41,0.004006
20150727093431588_m0002_31,142,1.42,0.004188
20150727093431588_m0002_31,143,1.43,0.003758
20150727093431588_m0002_31,144,1.44,0.002876
20150727093431588_m0002_31,145,1.45,0.003240
20150727093431588_m0002_31,146,1.46,0.004171
20150727093431588_m0002_31,147,1.47,0.004282
20150727093431588_m0002_31,148,1.48,0.004735
20150727093431588_m0002_31,149,1.49,0.005476
20150727093431588_m0002_31,150,1.50,0.005187
20150727093431588_m0002_31,151,1.51,0.005953
20150727093431588_m0002_31,152,1.52,0.006478
20150727093431588_m0002_31,153,1.53,0.005774
20150727093431588_m0002_31,154,1.54,0.005294
20150727093431588_m0002_31,155,1.55,0.005416
20150727093431588_m0002_31,156,1.56,0.005088
20150727093431588_m0002_31,157,1.57,0.004728
20150727093431588_m0002_31,158,1.58,0.004427
20150727093431588_m0002_31,159,1.59,0.003984
20150727093431588_m0002_31,160,1.60,0.004048
20150727093431588_m0002_31,161,1.61,0.003701
20150727093431588_m0002_31,162,1.62,0.004893
20150727093431588_m0002_31,163,1.63,0.005913
20150727093431588_m0002_31,164,1.64,0.006349
20150727093431588_m0002_31,165,1.65,0.007134
20150727093431588_m0002_31,166,1.66,0.006034
20150727093431588_m0002_31,167,1.67,0.006041
20150727093431588_m0002_31,168,1.68,0.004599
20150727093431588_m0002_31,169,1.69,0.002853
20150727093431588_m0002_31,170,1.70,0.004017
20150727093431588_m0002_31,171,1.71,0.002847
20150727093431588_m0002_31,172,1.72,0.003853
20150727093431588_m0002_31,173,1.73,0.004104
20150727093431588_m0002_31,174,1.74,0.004469
20150727093431588_m0002_31,175,1.75,0.004469
20150727093431588_m0002_31,176,1.76,0.004644
20150727093431588_m0002_31,177,1.77,0.004667
20150727093431588_m0002_31,178,1.78,0.004118
20150727093431588_m0002_31,179,1.79,0.004205
20150727093431588_m0002_31,180,1.80,0.004297
20150727093431588_m0002_31,181,1.81,0.004244
20150727093431588_m0002_31,182,1.82,0.004356
20150727093431588_m0002_31,183,1.83,0.004545
20150727093431588_m0002_31,184,1.84,0.004650
20150727093431588_m0002_31,185,1.85,0.004668
20150727093431588_m0002_31,186,1.86,0.004395
20150727093431588_m0002_31,187,1.87,0.003978
20150727093431588_m0002_31,188,1.88,0.003567
20150727093431588_m0002_31,189,1.89,0.002695
20150727093431588_m0002_31,190,1.90,0.002770
20150727093431588_m0002_31,191,1.91,0.003569
20150727093431588_m0002_31,192,1.92,0.002650
20150727093431588_m0002_31,193,1.93,0.003033
20150727093431588_m0002_31,194,1.94,0.002918
20150727093431588_m0002_31,195,1.95,0.002916
20150727093431588_m0002_31,196,1.96,0.002908
20150727093431588_m0002_31,197,1.97,0.003017
20150727093431588_m0002_31,198,1.98,0.002842
20150727093431588_m0002_31,199,1.99,0.002930
20150727093431588_m0002_31,200,2.00,0.003188
20150727093431588_m0002_31,201,2.01,0.003169
20150727093431588_m0002_31,202,2.02,0.003237
20150727093431588_m0002_31,203,2.03,0.003614
20150727093431588_m0002_31,204,2.04,0.003287
20150727093431588_m0002_31,205,2.05,0.003466
20150727093431588_m0002_31,206,2.06,0.003620
20150401080200788_m0002_31,0,0.00,0.004275
20150401080200788_m0002_31,1,0.01,0.005146
20150401080200788_m0002_31,2,0.02,0.005584
20150401080200788_m0002_31,3,0.03,0.004937
20150401080200788_m0002_31,4,0.04,0.006272
20150401080200788_m0002_31,5,0.05,0.007784
20150401080200788_m0002_31,6,0.06,0.009532
20150401080200788_m0002_31,7,0.07,0.008405
20150401080200788_m0002_31,8,0.08,0.006498
20150401080200788_m0002_31,9,0.09,0.006202
20150401080200788_m0002_31,10,0.10,0.006932
20150401080200788_m0002_31,11,0.11,0.006242
20150401080200788_m0002_31,12,0.12,0.005751
20150401080200788_m0002_31,13,0.13,0.005691
20150401080200788_m0002_31,14,0.14,0.005345
20150401080200788_m0002_31,15,0.15,0.004021
20150401080200788_m0002_31,16,0.16,0.004148
20150401080200788_m0002_31,17,0.17,0.006210
20150401080200788_m0002_31,18,0.18,0.004646
20150401080200788_m0002_31,19,0.19,0.005783
20150401080200788_m0002_31,20,0.20,0.006372
20150401080200788_m0002_31,21,0.21,0.005600
20150401080200788_m0002_31,22,0.22,0.004861
20150401080200788_m0002_31,23,0.23,0.003459
20150401080200788_m0002_31,24,0.24,0.006027
20150401080200788_m0002_31,25,0.25,0.006515
20150401080200788_m0002_31,26,0.26,0.006401
20150401080200788_m0002_31,27,0.27,0.005713
20150401080200788_m0002_31,28,0.28,0.006101
20150401080200788_m0002_31,29,0.29,0.005934
20150401080200788_m0002_31,30,0.30,0.005736
20150401080200788_m0002_31,31,0.31,0.005354
20150401080200788_m0002_31,32,0.32,0.005433
20150401080200788_m0002_31,33,0.33,0.006341
20150401080200788_m0002_31,34,0.34,0.005295
20150401080200788_m0002_31,35,0.35,0.004176
20150401080200788_m0002_31,36,0.36,0.003545
20150401080200788_m0002_31,37,0.37,0.004035
20150401080200788_m0002_31,38,0.38,0.005494
20150401080200788_m0002_31,39,0.39,0.007037
20150401080200788_m0002_31,40,0.40,0.007852
20150401080200788_m0002_31,41,0.41,0.008318
20150401080200788_m0002_31,42,0.42,0.008203
20150401080200788_m0002_31,43,0.43,0.007863
20150401080200788_m0002_31,44,0.44,0.007371
20150401080200788_m0002_31,45,0.45,0.006376
20150401080200788_m0002_31,46,0.46,0.003331
20150401080200788_m0002_31,47,0.47,0.004196
20150401080200788_m0002_31,48,0.48,0.003944
20150401080200788_m0002_31,49,0.49,0.005607
20150401080200788_m0002_31,50,0.50,0.005730
20150401080200788_m0002_31,51,0.51,0.005604
20150401080200788_m0002_31,52,0.52,0.005856
20150401080200788_m0002_31,53,0.53,0.006301
20150401080200788_m0002_31,54,0.54,0.006238
20150401080200788_m0002_31,55,0.55,0.004752
20150401080200788_m0002_31,56,0.56,0.004901
20150401080200788_m0002_31,57,0.57,0.006795
20150401080200788_m0002_31,58,0.58,0.007489
20150401080200788_m0002_31,59,0.59,0.007804
20150401080200788_m0002_31,60,0.60,0.008448
20150401080200788_m0002_31,61,0.61,0.008285
20150401080200788_m0002_31,62,0.62,0.008483
20150401080200788_m0002_31,63,0.63,0.008174
20150401080200788_m0002_31,64,0.64,0.007532
20150401080200788_m0002_31,65,0.65,0.007082
20150401080200788_m0002_31,66,0.66,0.005606
20150401080200788_m0002_31,67,0.67,0.004671
20150401080200788_m0002_31,68,0.68,0.004236
20150401080200788_m0002_31,69,0.69,0.006335
20150401080200788_m0002_31,70,0.70,0.006422
20150401080200788_m0002_31,71,0.71,0.008214
20150401080200788_m0002_31,72,0.72,0.008246
20150401080200788_m0002_31,73,0.73,0.008780
20150401080200788_m0002_31,74,0.74,0.009027
20150401080200788_m0002_31,75,0.75,0.008923
20150401080200788_m0002_31,76,0.76,0.008935
20150401080200788_m0002_31,77,0.77,0.008402
20150401080200788_m0002_31,78,0.78,0.008764
20150401080200788_m0002_31,79,0.79,0.008672
20150401080200788_m0002_31,80,0.80,0.007289
20150401080200788_m0002_31,81,0.81,0.006363
20150401080200788_m0002_31,82,0.82,0.007148
20150401080200788_m0002_31,83,0.83,0.005110
20150401080200788_m0002_31,84,0.84,0.005484
20150401080200788_m0002_31,85,0.85,0.005281
20150401080200788_m0002_31,86,0.86,0.006136
20150401080200788_m0002_31,87,0.87,0.004406
20150401080200788_m0002_31,88,0.88,0.006498
20150401080200788_m0002_31,89,0.89,0.003780
20150401080200788_m0002_31,90,0.90,0.004490
20150401080200788_m0002_31,91,0.91,0.005343
20150401080200788_m0002_31,92,0.92,0.004034
20150401080200788_m0002_31,93,0.93,0.004076
20150401080200788_m0002_31,94,0.94,0.004550
20150401080200788_m0002_31,95,0.95,0.006464
20150401080200788_m0002_31,96,0.96,0.007335
20150401080200788_m0002_31,97,0.97,0.006658
20150401080200788_m0002_31,98,0.98,0.006151
20150401080200788_m0002_31,99,0.99,0.005442
20150401080200788_m0002_31,100,1.00,0.004980
20150401080200788_m0002_31,101,1.01,0.005176
20150401080200788_m0002_31,102,1.02,0.007914
20150401080200788_m0002_31,103,1.03,0.009302
20150401080200788_m0002_31,104,1.04,0.009442
20150401080200788_m0002_31,105,1.05,0.007653
20150401080200788_m0002_31,106,1.06,0.007066
20150401080200788_m0002_31,107,1.07,0.006334
20150401080200788_m0002_31,108,1.08,0.005521
20150401080200788_m0002_31,109,1.09,0.004648
20150401080200788_m0002_31,110,1.10,0.004205
20150401080200788_m0002_31,111,1.11,0.003443
20150401080200788_m0002_31,112,1.12,0.003411
20150401080200788_m0002_31,113,1.13,0.003994
20150401080200788_m0002_31,114,1.14,0.004589
20150401080200788_m0002_31,115,1.15,0.004884
20150401080200788_m0002_31,116,1.16,0.005435
20150401080200788_m0002_31,117,1.17,0.005678
20150401080200788_m0002_31,118,1.18,0.005274
20150401080200788_m0002_31,119,1.19,0.005881
20150401080200788_m0002_31,120,1.20,0.005737
20150401080200788_m0002_31,121,1.21,0.004963
20150401080200788_m0002_31,122,1.22,0.004833
20150401080200788_m0002_31,123,1.23,0.005010
20150401080200788_m0002_31,124,1.24,0.005216
20150401080200788_m0002_31,125,1.25,0.004643
20150401080200788_m0002_31,126,1.26,0.004874
20150401080200788_m0002_31,127,1.27,0.005415
20150401080200788_m0002_31,128,1.28,0.004166
20150401080200788_m0002_31,129,1.29,0.003687
20150401080200788_m0002_31,130,1.30,0.004800
20150401080200788_m0002_31,131,1.31,0.005693
20150401080200788_m0002_31,132,1.32,0.007242
20150401080200788_m0002_31,133,1.33,0.008271
20150401080200788_m0002_31,134,1.34,0.007541
20150401080200788_m0002_31,135,1.35,0.007164
20150401080200788_m0002_31,136,1.36,0.005142
20150401080200788_m0002_31,137,1.37,0.003829
20150401080200788_m0002_31,138,1.38,0.004464
20150401080200788_m0002_31,139,1.39,0.004409
20150401080200788_m0002_31,140,1.40,0.004914
20150401080200788_m0002_31,141,1.41,0.004831
20150401080200788_m0002_31,142,1.42,0.004769
20150401080200788_m0002_31,143,1.43,0.004767
20150401080200788_m0002_31,144,1.44,0.005019
20150401080200788_m0002_31,145,1.45,0.004867
20150401080200788_m0002_31,146,1.46,0.004489
20150401080200788_m0002_31,147,1.47,0.004568
20150401080200788_m0002_31,148,1.48,0.004474
20150401080200788_m0002_31,149,1.49,0.004490
20150401080200788_m0002_31,150,1.50,0.004317
20150401080200788_m0002_31,151,1.51,0.004141
20150401080200788_m0002_31,152,1.52,0.004017
20150401080200788_m0002_31,153,1.53,0.004204
20150401080200788_m0002_31,154,1.54,0.004156
20150401080200788_m0002_31,155,1.55,0.004156
20150401080200788_m0002_31,156,1.56,0.004212
20150401080200788_m0002_31,157,1.57,0.004170
20150401080200788_m0002_31,158,1.58,0.003804
20150401080200788_m0002_31,159,1.59,0.004057
20150401080200788_m0002_31,160,1.60,0.004095
20150401080200788_m0002_31,161,1.61,0.003913
20150401080200788_m0002_31,162,1.62,0.004110
20150401080200788_m0002_31,163,1.63,0.003988
20150401080200788_m0002_31,164,1.64,0.004136
20150401080200788_m0002_31,165,1.65,0.004269
20150401080200788_m0002_31,166,1.66,0.004343
20150401080200788_m0002_31,167,1.67,0.004233
20150401080200788_m0002_31,168,1.68,0.004290
20150401080200788_m0002_31,169,1.69,0.004496
20150401080200788_m0002_31,170,1.70,0.004595
20150401080200788_m0002_31,171,1.71,0.004819
20150401080200788_m0002_31,172,1.72,0.004889
20150401080200788_m0002_31,173,1.73,0.004654
20150401080200788_m0002_31,174,1.74,0.004912
20150401080200788_m0002_31,175,1.75,0.005266
20150316120925060_m0002_31,0,0.00,0.003072
20150316120925060_m0002_31,1,0.01,0.003022
20150316120925060_m0002_31,2,0.02,0.003132
20150316120925060_m0002_31,3,0.03,0.003654
20150316120925060_m0002_31,4,0.04,0.003665
20150316120925060_m0002_31,5,0.05,0.003733
20150316120925060_m0002_31,6,0.06,0.003574
20150316120925060_m0002_31,7,0.07,0.003553
20150316120925060_m0002_31,8,0.08,0.003795
20150316120925060_m0002_31,9,0.09,0.003448
20150316120925060_m0002_31,10,0.10,0.002794
20150316120925060_m0002_31,11,0.11,0.003012
20150316120925060_m0002_31,12,0.12,0.003727
20150316120925060_m0002_31,13,0.13,0.004662
20150316120925060_m0002_31,14,0.14,0.004494
20150316120925060_m0002_31,15,0.15,0.005395
20150316120925060_m0002_31,16,0.16,0.005299
20150316120925060_m0002_31,17,0.17,0.007016
20150316120925060_m0002_31,18,0.18,0.007657
20150316120925060_m0002_31,19,0.19,0.006253
20150316120925060_m0002_31,20,0.20,0.006291
20150316120925060_m0002_31,21,0.21,0.007100
20150316120925060_m0002_31,22,0.22,0.006847
20150316120925060_m0002_31,23,0.23,0.006685
20150316120925060_m0002_31,24,0.24,0.006367
20150316120925060_m0002_31,25,0.25,0.006284
20150316120925060_m0002_31,26,0.26,0.004878
20150316120925060_m0002_31,27,0.27,0.004563
20150316120925060_m0002_31,28,0.28,0.004689
20150316120925060_m0002_31,29,0.29,0.005282
20150316120925060_m0002_31,30,0.30,0.004903
20150316120925060_m0002_31,31,0.31,0.004081
20150316120925060_m0002_31,32,0.32,0.003511
20150316120925060_m0002_31,33,0.33,0.003457
20150316120925060_m0002_31,34,0.34,0.003823
20150316120925060_m0002_31,35,0.35,0.004396
20150316120925060_m0002_31,36,0.36,0.006351
20150316120925060_m0002_31,37,0.37,0.006824
20150316120925060_m0002_31,38,0.38,0.006268
20150316120925060_m0002_31,39,0.39,0.004578
20150316120925060_m0002_31,40,0.40,0.003008
20150316120925060_m0002_31,41,0.41,0.003778
20150316120925060_m0002_31,42,0.42,0.005029
20150316120925060_m0002_31,43,0.43,0.005428
20150316120925060_m0002_31,44,0.44,0.005136
20150316120925060_m0002_31,45,0.45,0.004994
20150316120925060_m0002_31,46,0.46,0.004714
20150316120925060_m0002_31,47,0.47,0.004669
20150316120925060_m0002_31,48,0.48,0.004647
20150316120925060_m0002_31,49,0.49,0.004169
20150316120925060_m0002_31,50,0.50,0.003983
20150316120925060_m0002_31,51,0.51,0.004508
20150316120925060_m0002_31,52,0.52,0.004953
20150316120925060_m0002_31,53,0.53,0.005435
20150316120925060_m0002_31,54,0.54,0.005040
20150316120925060_m0002_31,55,0.55,0.003519
20150316120925060_m0002_31,56,0.56,0.005443
20150316120925060_m0002_31,57,0.57,0.006884
20150316120925060_m0002_31,58,0.58,0.008769
20150316120925060_m0002_31,59,0.59,0.008785
20150316120925060_m0002_31,60,0.60,0.008245
20150316120925060_m0002_31,61,0.61,0.007786
20150316120925060_m0002_31,62,0.62,0.007884
20150316120925060_m0002_31,63,0.63,0.006782
20150316120925060_m0002_31,64,0.64,0.006313
20150316120925060_m0002_31,65,0.65,0.005753
20150316120925060_m0002_31,66,0.66,0.003860
20150316120925060_m0002_31,67,0.67,0.003835
20150316120925060_m0002_31,68,0.68,0.003845
20150316120925060_m0002_31,69,0.69,0.005339
20150316120925060_m0002_31,70,0.70,0.005655
20150316120925060_m0002_31,71,0.71,0.006010
20150316120925060_m0002_31,72,0.72,0.006077
20150316120925060_m0002_31,73,0.73,0.005182
20150316120925060_m0002_31,74,0.74,0.004891
20150316120925060_m0002_31,75,0.75,0.003889
20150316120925060_m0002_31,76,0.76,0.005482
20150316120925060_m0002_31,77,0.77,0.005863
20150316120925060_m0002_31,78,0.78,0.007245
20150316120925060_m0002_31,79,0.79,0.007314
20150316120925060_m0002_31,80,0.80,0.008012
20150316120925060_m0002_31,81,0.81,0.007366
20150316120925060_m0002_31,82,0.82,0.006804
20150316120925060_m0002_31,83,0.83,0.006217
20150316120925060_m0002_31,84,0.84,0.003773
20150316120925060_m0002_31,85,0.85,0.003757
20150316120925060_m0002_31,86,0.86,0.004264
20150316120925060_m0002_31,87,0.87,0.004017
20150316120925060_m0002_31,88,0.88,0.006507
20150316120925060_m0002_31,89,0.89,0.007526
20150316120925060_m0002_31,90,0.90,0.008113
20150316120925060_m0002_31,91,0.91,0.007557
20150316120925060_m0002_31,92,0.92,0.006081
20150316120925060_m0002_31,93,0.93,0.007240
20150316120925060_m0002_31,94,0.94,0.007778
20150316120925060_m0002_31,95,0.95,0.007097
20150316120925060_m0002_31,96,0.96,0.007147
20150316120925060_m0002_31,97,0.97,0.007238
20150316120925060_m0002_31,98,0.98,0.007501
20150316120925060_m0002_31,99,0.99,0.007004
20150316120925060_m0002_31,100,1.00,0.007394
20150316120925060_m0002_31,101,1.01,0.006698
20150316120925060_m0002_31,102,1.02,0.004804
20150316120925060_m0002_31,103,1.03,0.006783
20150316120925060_m0002_31,104,1.04,0.005462
20150316120925060_m0002_31,105,1.05,0.004168
20150316120925060_m0002_31,106,1.06,0.005101
20150316120925060_m0002_31,107,1.07,0.005654
20150316120925060_m0002_31,108,1.08,0.005829
20150316120925060_m0002_31,109,1.09,0.005691
20150316120925060_m0002_31,110,1.10,0.004026
20150316120925060_m0002_31,111,1.11,0.004499
20150316120925060_m0002_31,112,1.12,0.004560
20150316120925060_m0002_31,113,1.13,0.004762
20150316120925060_m0002_31,114,1.14,0.005600
20150316120925060_m0002_31,115,1.15,0.005983
20150316120925060_m0002_31,116,1.16,0.006585
20150316120925060_m0002_31,117,1.17,0.006132
20150316120925060_m0002_31,118,1.18,0.005735
20150316120925060_m0002_31,119,1.19,0.005599
20150316120925060_m0002_31,120,1.20,0.004466
20150316120925060_m0002_31,121,1.21,0.004104
20150316120925060_m0002_31,122,1.22,0.004472
20150316120925060_m0002_31,123,1.23,0.006345
20150316120925060_m0002_31,124,1.24,0.007581
20150316120925060_m0002_31,125,1.25,0.007136
20150316120925060_m0002_31,126,1.26,0.006492
20150316120925060_m0002_31,127,1.27,0.006991
20150316120925060_m0002_31,128,1.28,0.005820
20150316120925060_m0002_31,129,1.29,0.004626
20150316120925060_m0002_31,130,1.30,0.003098
20150316120925060_m0002_31,131,1.31,0.003437
20150316120925060_m0002_31,132,1.32,0.003490
20150316120925060_m0002_31,133,1.33,0.003251
20150316120925060_m0002_31,134,1.34,0.003057
20150316120925060_m0002_31,135,1.35,0.003476
20150316120925060_m0002_31,136,1.36,0.003423
20150316120925060_m0002_31,137,1.37,0.003815
20150316120925060_m0002_31,138,1.38,0.004023
20150316120925060_m0002_31,139,1.39,0.004926
20150316120925060_m0002_31,140,1.40,0.003840
20150316120925060_m0002_31,141,1.41,0.003787
20150316120925060_m0002_31,142,1.42,0.003742
20150316120925060_m0002_31,143,1.43,0.004290
20150316120925060_m0002_31,144,1.44,0.004541
20150316120925060_m0002_31,145,1.45,0.005092
20150316120925060_m0002_31,146,1.46,0.003895
20150316120925060_m0002_31,147,1.47,0.004055
20150316120925060_m0002_31,148,1.48,0.005086
20150316120925060_m0002_31,149,1.49,0.004039
20150316120925060_m0002_31,150,1.50,0.003582
20150316120925060_m0002_31,151,1.51,0.003948
20150316120925060_m0002_31,152,1.52,0.003433
20150316120925060_m0002_31,153,1.53,0.003704
20150316120925060_m0002_31,154,1.54,0.004002
20150316120925060_m0002_31,155,1.55,0.004230
20150316120925060_m0002_31,156,1.56,0.004516
20150316120925060_m0002_31,157,1.57,0.005385
20150316120925060_m0002_31,158,1.58,0.005981
20150316120925060_m0002_31,159,1.59,0.005310
20150316120925060_m0002_31,160,1.60,0.004447
20150316120925060_m0002_31,161,1.61,0.002913
20150316120925060_m0002_31,162,1.62,0.002798
20150316120925060_m0002_31,163,1.63,0.003070
20150316120925060_m0002_31,164,1.64,0.003425
20150316120925060_m0002_31,165,1.65,0.003500
20150316120925060_m0002_31,166,1.66,0.003272
20150316120925060_m0002_31,167,1.67,0.003329
20150316120925060_m0002_31,168,1.68,0.003661
20150316120925060_m0002_31,169,1.69,0.003676
20150316120925060_m0002_31,170,1.70,0.003676
20150316120925060_m0002_31,171,1.71,0.003578
20150316120925060_m0002_31,172,1.72,0.003349
20150316120925060_m0002_31,173,1.73,0.003536
20150316120925060_m0002_31,174,1.74,0.003305
20150316120925060_m0002_31,175,1.75,0.003236
20150316120925060_m0002_31,176,1.76,0.003376
20150316120925060_m0002_31,177,1.77,0.003466
20150316120925060_m0002_31,178,1.78,0.003335
20150316120925060_m0002_31,179,1.79,0.003332
20150316120925060_m0002_31,180,1.80,0.003552
20150316120925060_m0002_31,181,1.81,0.003261
20150316120925060_m0002_31,182,1.82,0.003436
20150316120925060_m0002_31,183,1.83,0.003137
20150316120925060_m0002_31,184,1.84,0.003090
20150316120925060_m0002_31,185,1.85,0.003208
20150316120925060_m0002_31,186,1.86,0.003078
20150316120925060_m0002_31,187,1.87,0.003151
20150316120925060_m0002_31,188,1.88,0.003230
20150316120925060_m0002_31,189,1.89,0.003121
20150316120925060_m0002_31,190,1.90,0.003018
20150316120925060_m0002_31,191,1.91,0.003130
20150316120925060_m0002_31,192,1.92,0.003177
20150316120925060_m0002_31,193,1.93,0.003503
20150316120925060_m0002_31,194,1.94,0.003154
20150316120925060_m0002_31,195,1.95,0.002841
20150316120925060_m0002_31,196,1.96,0.003089
20150316120925060_m0002_31,197,1.97,0.003248
20150316120925060_m0002_31,198,1.98,0.003587
20150316120925060_m0002_31,199,1.99,0.003322
20150316120925060_m0002_31,200,2.00,0.003630
20150316120925060_m0002_31,201,2.01,0.003409
20150316120925060_m0002_31,202,2.02,0.003257
20150316120925060_m0002_31,203,2.03,0.003489
20150316120925060_m0002_31,204,2.04,0.003655
20150316120925060_m0002_31,205,2.05,0.003851
20150316120925060_m0002_31,206,2.06,0.003462
20150316120925060_m0002_31,207,2.07,0.003590
20150316120925060_m0002_31,208,2.08,0.004218
20150622092546897_m0002_31,0,0.00,0.003928
20150622092546897_m0002_31,1,0.01,0.003219
20150622092546897_m0002_31,2,0.02,0.003234
20150622092546897_m0002_31,3,0.03,0.003932
20150622092546897_m0002_31,4,0.04,0.003899
20150622092546897_m0002_31,5,0.05,0.003721
20150622092546897_m0002_31,6,0.06,0.003728
20150622092546897_m0002_31,7,0.07,0.003843
20150622092546897_m0002_31,8,0.08,0.003920
20150622092546897_m0002_31,9,0.09,0.004227
20150622092546897_m0002_31,10,0.10,0.004224
20150622092546897_m0002_31,11,0.11,0.004042
20150622092546897_m0002_31,12,0.12,0.004150
20150622092546897_m0002_31,13,0.13,0.003622
20150622092546897_m0002_31,14,0.14,0.003482
20150622092546897_m0002_31,15,0.15,0.005037
20150622092546897_m0002_31,16,0.16,0.006075
20150622092546897_m0002_31,17,0.17,0.008173
20150622092546897_m0002_31,18,0.18,0.007956
20150622092546897_m0002_31,19,0.19,0.008343
20150622092546897_m0002_31,20,0.20,0.008354
20150622092546897_m0002_31,21,0.21,0.008982
20150622092546897_m0002_31,22,0.22,0.008603
20150622092546897_m0002_31,23,0.23,0.008600
20150622092546897_m0002_31,24,0.24,0.008284
20150622092546897_m0002_31,25,0.25,0.008725
20150622092546897_m0002_31,26,0.26,0.008113
20150622092546897_m0002_31,27,0.27,0.006697
20150622092546897_m0002_31,28,0.28,0.005723
20150622092546897_m0002_31,29,0.29,0.003959
20150622092546897_m0002_31,30,0.30,0.004480
20150622092546897_m0002_31,31,0.31,0.004901
20150622092546897_m0002_31,32,0.32,0.005237
20150622092546897_m0002_31,33,0.33,0.004986
20150622092546897_m0002_31,34,0.34,0.005626
20150622092546897_m0002_31,35,0.35,0.006500
20150622092546897_m0002_31,36,0.36,0.005012
20150622092546897_m0002_31,37,0.37,0.003679
20150622092546897_m0002_31,38,0.38,0.006324
20150622092546897_m0002_31,39,0.39,0.006499
20150622092546897_m0002_31,40,0.40,0.006396
20150622092546897_m0002_31,41,0.41,0.006373
20150622092546897_m0002_31,42,0.42,0.005942
20150622092546897_m0002_31,43,0.43,0.006072
20150622092546897_m0002_31,44,0.44,0.006292
20150622092546897_m0002_31,45,0.45,0.006623
20150622092546897_m0002_31,46,0.46,0.006336
20150622092546897_m0002_31,47,0.47,0.006244
20150622092546897_m0002_31,48,0.48,0.006518
20150622092546897_m0002_31,49,0.49,0.007623
20150622092546897_m0002_31,50,0.50,0.008053
20150622092546897_m0002_31,51,0.51,0.007490
20150622092546897_m0002_31,52,0.52,0.004892
20150622092546897_m0002_31,53,0.53,0.004158
20150622092546897_m0002_31,54,0.54,0.005783
20150622092546897_m0002_31,55,0.55,0.008305
20150622092546897_m0002_31,56,0.56,0.008527
20150622092546897_m0002_31,57,0.57,0.008561
20150622092546897_m0002_31,58,0.58,0.009224
20150622092546897_m0002_31,59,0.59,0.008543
20150622092546897_m0002_31,60,0.60,0.007972
20150622092546897_m0002_31,61,0.61,0.006380
20150622092546897_m0002_31,62,0.62,0.006518
20150622092546897_m0002_31,63,0.63,0.004942
20150622092546897_m0002_31,64,0.64,0.005594
20150622092546897_m0002_31,65,0.65,0.007716
20150622092546897_m0002_31,66,0.66,0.008615
20150622092546897_m0002_31,67,0.67,0.007815
20150622092546897_m0002_31,68,0.68,0.007896
20150622092546897_m0002_31,69,0.69,0.006848
20150622092546897_m0002_31,70,0.70,0.004011
20150622092546897_m0002_31,71,0.71,0.006742
20150622092546897_m0002_31,72,0.72,0.008904
20150622092546897_m0002_31,73,0.73,0.009762
20150622092546897_m0002_31,74,0.74,0.009742
20150622092546897_m0002_31,75,0.75,0.009014
20150622092546897_m0002_31,76,0.76,0.007407
20150622092546897_m0002_31,77,0.77,0.004416
20150622092546897_m0002_31,78,0.78,0.004777
20150622092546897_m0002_31,79,0.79,0.004795
20150622092546897_m0002_31,80,0.80,0.004454
20150622092546897_m0002_31,81,0.81,0.004617
20150622092546897_m0002_31,82,0.82,0.004881
20150622092546897_m0002_31,83,0.83,0.008247
20150622092546897_m0002_31,84,0.84,0.008086
20150622092546897_m0002_31,85,0.85,0.010842
20150622092546897_m0002_31,86,0.86,0.010918
20150622092546897_m0002_31,87,0.87,0.010109
20150622092546897_m0002_31,88,0.88,0.009303
20150622092546897_m0002_31,89,0.89,0.009501
20150622092546897_m0002_31,90,0.90,0.009921
20150622092546897_m0002_31,91,0.91,0.009388
20150622092546897_m0002_31,92,0.92,0.006010
20150622092546897_m0002_31,93,0.93,0.008766
20150622092546897_m0002_31,94,0.94,0.005875
20150622092546897_m0002_31,95,0.95,0.004880
20150622092546897_m0002_31,96,0.96,0.004882
20150622092546897_m0002_31,97,0.97,0.004780
20150622092546897_m0002_31,98,0.98,0.006891
20150622092546897_m0002_31,99,0.99,0.004982
20150622092546897_m0002_31,100,1.00,0.004578
20150622092546897_m0002_31,101,1.01,0.005384
20150622092546897_m0002_31,102,1.02,0.005018
20150622092546897_m0002_31,103,1.03,0.005549
20150622092546897_m0002_31,104,1.04,0.006052
20150622092546897_m0002_31,105,1.05,0.007087
20150622092546897_m0002_31,106,1.06,0.006852
20150622092546897_m0002_31,107,1.07,0.006806
20150622092546897_m0002_31,108,1.08,0.006692
20150622092546897_m0002_31,109,1.09,0.006198
20150622092546897_m0002_31,110,1.10,0.005596
20150622092546897_m0002_31,111,1.11,0.004071
20150622092546897_m0002_31,112,1.12,0.008135
20150622092546897_m0002_31,113,1.13,0.008810
20150622092546897_m0002_31,114,1.14,0.010258
20150622092546897_m0002_31,115,1.15,0.009468
20150622092546897_m0002_31,116,1.16,0.008479
20150622092546897_m0002_31,117,1.17,0.005940
20150622092546897_m0002_31,118,1.18,0.005187
20150622092546897_m0002_31,119,1.19,0.004136
20150622092546897_m0002_31,120,1.20,0.003883
20150622092546897_m0002_31,121,1.21,0.003543
20150622092546897_m0002_31,122,1.22,0.002811
20150622092546897_m0002_31,123,1.23,0.003535
20150622092546897_m0002_31,124,1.24,0.003201
20150622092546897_m0002_31,125,1.25,0.004350
20150622092546897_m0002_31,126,1.26,0.005476
20150622092546897_m0002_31,127,1.27,0.006161
20150622092546897_m0002_31,128,1.28,0.005758
20150622092546897_m0002_31,129,1.29,0.005803
20150622092546897_m0002_31,130,1.30,0.005604
20150622092546897_m0002_31,131,1.31,0.005513
20150622092546897_m0002_31,132,1.32,0.004250
20150622092546897_m0002_31,133,1.33,0.005084
20150622092546897_m0002_31,134,1.34,0.002872
20150622092546897_m0002_31,135,1.35,0.005016
20150622092546897_m0002_31,136,1.36,0.005669
20150622092546897_m0002_31,137,1.37,0.003498
20150622092546897_m0002_31,138,1.38,0.003247
20150622092546897_m0002_31,139,1.39,0.003413
20150622092546897_m0002_31,140,1.40,0.004410
20150622092546897_m0002_31,141,1.41,0.004028
20150622092546897_m0002_31,142,1.42,0.004326
20150622092546897_m0002_31,143,1.43,0.004661
20150622092546897_m0002_31,144,1.44,0.006661
20150622092546897_m0002_31,145,1.45,0.006885
20150622092546897_m0002_31,146,1.46,0.004186
20150622092546897_m0002_31,147,1.47,0.002723
20150622092546897_m0002_31,148,1.48,0.002798
20150622092546897_m0002_31,149,1.49,0.003621
20150622092546897_m0002_31,150,1.50,0.004021
20150622092546897_m0002_31,151,1.51,0.003984
20150622092546897_m0002_31,152,1.52,0.003746
20150622092546897_m0002_31,153,1.53,0.003460
20150622092546897_m0002_31,154,1.54,0.003254
20150622092546897_m0002_31,155,1.55,0.003377
20150622092546897_m0002_31,156,1.56,0.003401
20150622092546897_m0002_31,157,1.57,0.003306
20150622092546897_m0002_31,158,1.58,0.003515
20150622092546897_m0002_31,159,1.59,0.003334
20150622092546897_m0002_31,160,1.60,0.003168
20150622092546897_m0002_31,161,1.61,0.003385
20150622092546897_m0002_31,162,1.62,0.003497
20150622092546897_m0002_31,163,1.63,0.003572
20150622092546897_m0002_31,164,1.64,0.003802
20150622092546897_m0002_31,165,1.65,0.003631
20150622092546897_m0002_31,166,1.66,0.003374
20150622092546897_m0002_31,167,1.67,0.003337
20150622092546897_m0002_31,168,1.68,0.003716
20150622092546897_m0002_31,169,1.69,0.003696
20150622092546897_m0002_31,170,1.70,0.003571
20150622092546897_m0002_31,171,1.71,0.003747
20150622092546897_m0002_31,172,1.72,0.003727
20150622092546897_m0002_31,173,1.73,0.003733
20150622092546897_m0002_31,174,1.74,0.004169
20150713085938321_m0002_31,0,0.00,0.004134
20150713085938321_m0002_31,1,0.01,0.003598
20150713085938321_m0002_31,2,0.02,0.003127
20150713085938321_m0002_31,3,0.03,0.004352
20150713085938321_m0002_31,4,0.04,0.004914
20150713085938321_m0002_31,5,0.05,0.005028
20150713085938321_m0002_31,6,0.06,0.005051
20150713085938321_m0002_31,7,0.07,0.005008
20150713085938321_m0002_31,8,0.08,0.005107
20150713085938321_m0002_31,9,0.09,0.005221
20150713085938321_m0002_31,10,0.10,0.005532
20150713085938321_m0002_31,11,0.11,0.005849
20150713085938321_m0002_31,12,0.12,0.005255
20150713085938321_m0002_31,13,0.13,0.004961
20150713085938321_m0002_31,14,0.14,0.004300
20150713085938321_m0002_31,15,0.15,0.003055
20150713085938321_m0002_31,16,0.16,0.004197
20150713085938321_m0002_31,17,0.17,0.005177
20150713085938321_m0002_31,18,0.18,0.005303
20150713085938321_m0002_31,19,0.19,0.007831
20150713085938321_m0002_31,20,0.20,0.008458
20150713085938321_m0002_31,21,0.21,0.007111
20150713085938321_m0002_31,22,0.22,0.006557
20150713085938321_m0002_31,23,0.23,0.006120
20150713085938321_m0002_31,24,0.24,0.005865
20150713085938321_m0002_31,25,0.25,0.006291
20150713085938321_m0002_31,26,0.26,0.006289
20150713085938321_m0002_31,27,0.27,0.006545
20150713085938321_m0002_31,28,0.28,0.006010
20150713085938321_m0002_31,29,0.29,0.005312
20150713085938321_m0002_31,30,0.30,0.003227
20150713085938321_m0002_31,31,0.31,0.004132
20150713085938321_m0002_31,32,0.32,0.008420
20150713085938321_m0002_31,33,0.33,0.006657
20150713085938321_m0002_31,34,0.34,0.006287
20150713085938321_m0002_31,35,0.35,0.006597
20150713085938321_m0002_31,36,0.36,0.006464
20150713085938321_m0002_31,37,0.37,0.004942
20150713085938321_m0002_31,38,0.38,0.003103
20150713085938321_m0002_31,39,0.39,0.005224
20150713085938321_m0002_31,40,0.40,0.005824
20150713085938321_m0002_31,41,0.41,0.005974
20150713085938321_m0002_31,42,0.42,0.005975
20150713085938321_m0002_31,43,0.43,0.005856
20150713085938321_m0002_31,44,0.44,0.006330
20150713085938321_m0002_31,45,0.45,0.006710
20150713085938321_m0002_31,46,0.46,0.006494
20150713085938321_m0002_31,47,0.47,0.006948
20150713085938321_m0002_31,48,0.48,0.006669
20150713085938321_m0002_31,49,0.49,0.006457
20150713085938321_m0002_31,50,0.50,0.006984
20150713085938321_m0002_31,51,0.51,0.006416
20150713085938321_m0002_31,52,0.52,0.004902
20150713085938321_m0002_31,53,0.53,0.004985
20150713085938321_m0002_31,54,0.54,0.007388
20150713085938321_m0002_31,55,0.55,0.008232
20150713085938321_m0002_31,56,0.56,0.008798
20150713085938321_m0002_31,57,0.57,0.008781
20150713085938321_m0002_31,58,0.58,0.008049
20150713085938321_m0002_31,59,0.59,0.007388
20150713085938321_m0002_31,60,0.60,0.007097
20150713085938321_m0002_31,61,0.61,0.006865
20150713085938321_m0002_31,62,0.62,0.006479
20150713085938321_m0002_31,63,0.63,0.005631
20150713085938321_m0002_31,64,0.64,0.006332
20150713085938321_m0002_31,65,0.65,0.005722
20150713085938321_m0002_31,66,0.66,0.003849
20150713085938321_m0002_31,67,0.67,0.004793
20150713085938321_m0002_31,68,0.68,0.007110
20150713085938321_m0002_31,69,0.69,0.007334
20150713085938321_m0002_31,70,0.70,0.005136
20150713085938321_m0002_31,71,0.71,0.004231
20150713085938321_m0002_31,72,0.72,0.006720
20150713085938321_m0002_31,73,0.73,0.006177
20150713085938321_m0002_31,74,0.74,0.007068
20150713085938321_m0002_31,75,0.75,0.007864
20150713085938321_m0002_31,76,0.76,0.007576
20150713085938321_m0002_31,77,0.77,0.008309
20150713085938321_m0002_31,78,0.78,0.008329
20150713085938321_m0002_31,79,0.79,0.007650
20150713085938321_m0002_31,80,0.80,0.006824
20150713085938321_m0002_31,81,0.81,0.004268
20150713085938321_m0002_31,82,0.82,0.004767
20150713085938321_m0002_31,83,0.83,0.005781
20150713085938321_m0002_31,84,0.84,0.006020
20150713085938321_m0002_31,85,0.85,0.005860
20150713085938321_m0002_31,86,0.86,0.005415
20150713085938321_m0002_31,87,0.87,0.004262
20150713085938321_m0002_31,88,0.88,0.004321
20150713085938321_m0002_31,89,0.89,0.003596
20150713085938321_m0002_31,90,0.90,0.003921
20150713085938321_m0002_31,91,0.91,0.004083
20150713085938321_m0002_31,92,0.92,0.006271
20150713085938321_m0002_31,93,0.93,0.006142
20150713085938321_m0002_31,94,0.94,0.007226
20150713085938321_m0002_31,95,0.95,0.007012
20150713085938321_m0002_31,96,0.96,0.006693
20150713085938321_m0002_31,97,0.97,0.006042
20150713085938321_m0002_31,98,0.98,0.005189
20150713085938321_m0002_31,99,0.99,0.003900
20150713085938321_m0002_31,100,1.00,0.004229
20150713085938321_m0002_31,101,1.01,0.006191
20150713085938321_m0002_31,102,1.02,0.006779
20150713085938321_m0002_31,103,1.03,0.006853
20150713085938321_m0002_31,104,1.04,0.005370
20150713085938321_m0002_31,105,1.05,0.003719
20150713085938321_m0002_31,106,1.06,0.004034
20150713085938321_m0002_31,107,1.07,0.004417
20150713085938321_m0002_31,108,1.08,0.003876
20150713085938321_m0002_31,109,1.09,0.004133
20150713085938321_m0002_31,110,1.10,0.005188
20150713085938321_m0002_31,111,1.11,0.005567
20150713085938321_m0002_31,112,1.12,0.006166
20150713085938321_m0002_31,113,1.13,0.006618
20150713085938321_m0002_31,114,1.14,0.006516
20150713085938321_m0002_31,115,1.15,0.006296
20150713085938321_m0002_31,116,1.16,0.005552
20150713085938321_m0002_31,117,1.17,0.005067
20150713085938321_m0002_31,118,1.18,0.004087
20150713085938321_m0002_31,119,1.19,0.006613
20150713085938321_m0002_31,120,1.20,0.007667
20150713085938321_m0002_31,121,1.21,0.008497
20150713085938321_m0002_31,122,1.22,0.008879
20150713085938321_m0002_31,123,1.23,0.008032
20150713085938321_m0002_31,124,1.24,0.006156
20150713085938321_m0002_31,125,1.25,0.004971
20150713085938321_m0002_31,126,1.26,0.003905
20150713085938321_m0002_31,127,1.27,0.004028
20150713085938321_m0002_31,128,1.28,0.005370
20150713085938321_m0002_31,129,1.29,0.005209
20150713085938321_m0002_31,130,1.30,0.003802
20150713085938321_m0002_31,131,1.31,0.002822
20150713085938321_m0002_31,132,1.32,0.003219
20150713085938321_m0002_31,133,1.33,0.003947
20150713085938321_m0002_31,134,1.34,0.003631
20150713085938321_m0002_31,135,1.35,0.002895
20150713085938321_m0002_31,136,1.36,0.003429
20150713085938321_m0002_31,137,1.37,0.004551
20150713085938321_m0002_31,138,1.38,0.004144
20150713085938321_m0002_31,139,1.39,0.002809
20150713085938321_m0002_31,140,1.40,0.004670
20150713085938321_m0002_31,141,1.41,0.003256
20150713085938321_m0002_31,142,1.42,0.002300
20150713085938321_m0002_31,143,1.43,0.002097
20150713085938321_m0002_31,144,1.44,0.002851
20150713085938321_m0002_31,145,1.45,0.002198
20150713085938321_m0002_31,146,1.46,0.002940
20150713085938321_m0002_31,147,1.47,0.003677
20150713085938321_m0002_31,148,1.48,0.004024
20150713085938321_m0002_31,149,1.49,0.004791
20150713085938321_m0002_31,150,1.50,0.005267
20150713085938321_m0002_31,151,1.51,0.005137
20150713085938321_m0002_31,152,1.52,0.005065
20150713085938321_m0002_31,153,1.53,0.004797
20150713085938321_m0002_31,154,1.54,0.004338
20150713085938321_m0002_31,155,1.55,0.005226
20150713085938321_m0002_31,156,1.56,0.004189
20150713085938321_m0002_31,157,1.57,0.004107
20150713085938321_m0002_31,158,1.58,0.004865
20150713085938321_m0002_31,159,1.59,0.004386
20150713085938321_m0002_31,160,1.60,0.004014
20150713085938321_m0002_31,161,1.61,0.004354
20150713085938321_m0002_31,162,1.62,0.004595
20150713085938321_m0002_31,163,1.63,0.004272
20150713085938321_m0002_31,164,1.64,0.004185
20150713085938321_m0002_31,165,1.65,0.004072
20150713085938321_m0002_31,166,1.66,0.004039
20150713085938321_m0002_31,167,1.67,0.004086
20150713085938321_m0002_31,168,1.68,0.004197
20150713085938321_m0002_31,169,1.69,0.003957
20150713085938321_m0002_31,170,1.70,0.004156
20150713085938321_m0002_31,171,1.71,0.004157
20150713085938321_m0002_31,172,1.72,0.004033
20150713085938321_m0002_31,173,1.73,0.004327
20150713085938321_m0002_31,174,1.74,0.003978
20150713085938321_m0002_31,175,1.75,0.003804
20150713085938321_m0002_31,176,1.76,0.004010
20150713085938321_m0002_31,177,1.77,0.004155
20150713085938321_m0002_31,178,1.78,0.004035
20150713085938321_m0002_31,179,1.79,0.004053
20150713085938321_m0002_31,180,1.80,0.004404
20150713085938321_m0002_31,181,1.81,0.005014
20150713085938321_m0002_31,182,1.82,0.004478
20150713085938321_m0002_31,183,1.83,0.004437
20150713085938321_m0002_31,184,1.84,0.004708
20150713085938321_m0002_31,185,1.85,0.004823
20150713085938321_m0002_31,186,1.86,0.004486
20150713085938321_m0002_31,187,1.87,0.004863
20150713085938321_m0002_31,188,1.88,0.005255
20150223075914016_m0002_31,0,0.00,0.004945
20150223075914016_m0002_31,1,0.01,0.005047
20150223075914016_m0002_31,2,0.02,0.004402
20150223075914016_m0002_31,3,0.03,0.004798
20150223075914016_m0002_31,4,0.04,0.004921
20150223075914016_m0002_31,5,0.05,0.005247
20150223075914016_m0002_31,6,0.06,0.005973
20150223075914016_m0002_31,7,0.07,0.004892
20150223075914016_m0002_31,8,0.08,0.004908
20150223075914016_m0002_31,9,0.09,0.005554
20150223075914016_m0002_31,10,0.10,0.005445
20150223075914016_m0002_31,11,0.11,0.004375
20150223075914016_m0002_31,12,0.12,0.005651
20150223075914016_m0002_31,13,0.13,0.006091
20150223075914016_m0002_31,14,0.14,0.006065
20150223075914016_m0002_31,15,0.15,0.006547
20150223075914016_m0002_31,16,0.16,0.006379
20150223075914016_m0002_31,17,0.17,0.005733
20150223075914016_m0002_31,18,0.18,0.005469
20150223075914016_m0002_31,19,0.19,0.004791
20150223075914016_m0002_31,20,0.20,0.004636
20150223075914016_m0002_31,21,0.21,0.003879
20150223075914016_m0002_31,22,0.22,0.003685
20150223075914016_m0002_31,23,0.23,0.005126
20150223075914016_m0002_31,24,0.24,0.005989
20150223075914016_m0002_31,25,0.25,0.005039
20150223075914016_m0002_31,26,0.26,0.005539
20150223075914016_m0002_31,27,0.27,0.005879
20150223075914016_m0002_31,28,0.28,0.004804
20150223075914016_m0002_31,29,0.29,0.003989
20150223075914016_m0002_31,30,0.30,0.003278
20150223075914016_m0002_31,31,0.31,0.005030
20150223075914016_m0002_31,32,0.32,0.005765
20150223075914016_m0002_31,33,0.33,0.005295
20150223075914016_m0002_31,34,0.34,0.005243
20150223075914016_m0002_31,35,0.35,0.005428
20150223075914016_m0002_31,36,0.36,0.005738
20150223075914016_m0002_31,37,0.37,0.005815
20150223075914016_m0002_31,38,0.38,0.005443
20150223075914016_m0002_31,39,0.39,0.005043
20150223075914016_m0002_31,40,0.40,0.004730
20150223075914016_m0002_31,41,0.41,0.004749
20150223075914016_m0002_31,42,0.42,0.004374
20150223075914016_m0002_31,43,0.43,0.003436
20150223075914016_m0002_31,44,0.44,0.004531
20150223075914016_m0002_31,45,0.45,0.006215
20150223075914016_m0002_31,46,0.46,0.007851
20150223075914016_m0002_31,47,0.47,0.007972
20150223075914016_m0002_31,48,0.48,0.008266
20150223075914016_m0002_31,49,0.49,0.007808
20150223075914016_m0002_31,50,0.50,0.006918
20150223075914016_m0002_31,51,0.51,0.006391
20150223075914016_m0002_31,52,0.52,0.006414
20150223075914016_m0002_31,53,0.53,0.003852
20150223075914016_m0002_31,54,0.54,0.003267
20150223075914016_m0002_31,55,0.55,0.002903
20150223075914016_m0002_31,56,0.56,0.005548
20150223075914016_m0002_31,57,0.57,0.004516
20150223075914016_m0002_31,58,0.58,0.005935
20150223075914016_m0002_31,59,0.59,0.004258
20150223075914016_m0002_31,60,0.60,0.004230
20150223075914016_m0002_31,61,0.61,0.004293
20150223075914016_m0002_31,62,0.62,0.004050
20150223075914016_m0002_31,63,0.63,0.006382
20150223075914016_m0002_31,64,0.64,0.007359
20150223075914016_m0002_31,65,0.65,0.008093
20150223075914016_m0002_31,66,0.66,0.007895
20150223075914016_m0002_31,67,0.67,0.008290
20150223075914016_m0002_31,68,0.68,0.006775
20150223075914016_m0002_31,69,0.69,0.007637
20150223075914016_m0002_31,70,0.70,0.007352
20150223075914016_m0002_31,71,0.71,0.005950
20150223075914016_m0002_31,72,0.72,0.003922
20150223075914016_m0002_31,73,0.73,0.003706
20150223075914016_m0002_31,74,0.74,0.004371
20150223075914016_m0002_31,75,0.75,0.006233
20150223075914016_m0002_31,76,0.76,0.007944
20150223075914016_m0002_31,77,0.77,0.009076
20150223075914016_m0002_31,78,0.78,0.006578
20150223075914016_m0002_31,79,0.79,0.008547
20150223075914016_m0002_31,80,0.80,0.008056
20150223075914016_m0002_31,81,0.81,0.007588
20150223075914016_m0002_31,82,0.82,0.007180
20150223075914016_m0002_31,83,0.83,0.007667
20150223075914016_m0002_31,84,0.84,0.008114
20150223075914016_m0002_31,85,0.85,0.005576
20150223075914016_m0002_31,86,0.86,0.006404
20150223075914016_m0002_31,87,0.87,0.005427
20150223075914016_m0002_31,88,0.88,0.006161
20150223075914016_m0002_31,89,0.89,0.004733
20150223075914016_m0002_31,90,0.90,0.005556
20150223075914016_m0002_31,91,0.91,0.005631
20150223075914016_m0002_31,92,0.92,0.005065
20150223075914016_m0002_31,93,0.93,0.005369
20150223075914016_m0002_31,94,0.94,0.003622
20150223075914016_m0002_31,95,0.95,0.004170
20150223075914016_m0002_31,96,0.96,0.004173
20150223075914016_m0002_31,97,0.97,0.004531
20150223075914016_m0002_31,98,0.98,0.004588
20150223075914016_m0002_31,99,0.99,0.005700
20150223075914016_m0002_31,100,1.00,0.006391
20150223075914016_m0002_31,101,1.01,0.005999
20150223075914016_m0002_31,102,1.02,0.005882
20150223075914016_m0002_31,103,1.03,0.005430
20150223075914016_m0002_31,104,1.04,0.004737
20150223075914016_m0002_31,105,1.05,0.004731
20150223075914016_m0002_31,106,1.06,0.006842
20150223075914016_m0002_31,107,1.07,0.009128
20150223075914016_m0002_31,108,1.08,0.008622
20150223075914016_m0002_31,109,1.09,0.008385
20150223075914016_m0002_31,110,1.10,0.006664
20150223075914016_m0002_31,111,1.11,0.005384
20150223075914016_m0002_31,112,1.12,0.005123
20150223075914016_m0002_31,113,1.13,0.004327
20150223075914016_m0002_31,114,1.14,0.003812
20150223075914016_m0002_31,115,1.15,0.004054
20150223075914016_m0002_31,116,1.16,0.003483
20150223075914016_m0002_31,117,1.17,0.003928
20150223075914016_m0002_31,118,1.18,0.004043
20150223075914016_m0002_31,119,1.19,0.004711
20150223075914016_m0002_31,120,1.20,0.004215
20150223075914016_m0002_31,121,1.21,0.005185
20150223075914016_m0002_31,122,1.22,0.005320
20150223075914016_m0002_31,123,1.23,0.005174
20150223075914016_m0002_31,124,1.24,0.005233
20150223075914016_m0002_31,125,1.25,0.005420
20150223075914016_m0002_31,126,1.26,0.005487
20150223075914016_m0002_31,127,1.27,0.004946
20150223075914016_m0002_31,128,1.28,0.004826
20150223075914016_m0002_31,129,1.29,0.004701
20150223075914016_m0002_31,130,1.30,0.004886
20150223075914016_m0002_31,131,1.31,0.004258
20150223075914016_m0002_31,132,1.32,0.004593
20150223075914016_m0002_31,133,1.33,0.003618
20150223075914016_m0002_31,134,1.34,0.003655
20150223075914016_m0002_31,135,1.35,0.004698
20150223075914016_m0002_31,136,1.36,0.004784
20150223075914016_m0002_31,137,1.37,0.005288
20150223075914016_m0002_31,138,1.38,0.006285
20150223075914016_m0002_31,139,1.39,0.007106
20150223075914016_m0002_31,140,1.40,0.006812
20150223075914016_m0002_31,141,1.41,0.006333
20150223075914016_m0002_31,142,1.42,0.004677
20150223075914016_m0002_31,143,1.43,0.003273
20150223075914016_m0002_31,144,1.44,0.004341
20150223075914016_m0002_31,145,1.45,0.004472
20150223075914016_m0002_31,146,1.46,0.004627
20150223075914016_m0002_31,147,1.47,0.004398
20150223075914016_m0002_31,148,1.48,0.004293
20150223075914016_m0002_31,149,1.49,0.004536
20150223075914016_m0002_31,150,1.50,0.004088
20150223075914016_m0002_31,151,1.51,0.004111
20150223075914016_m0002_31,152,1.52,0.003958
20150223075914016_m0002_31,153,1.53,0.004499
20150223075914016_m0002_31,154,1.54,0.004664
20150223075914016_m0002_31,155,1.55,0.004201
20150223075914016_m0002_31,156,1.56,0.004148
20150223075914016_m0002_31,157,1.57,0.004335
20150223075914016_m0002_31,158,1.58,0.004236
20150223075914016_m0002_31,159,1.59,0.004442
20150223075914016_m0002_31,160,1.60,0.004284
20150223075914016_m0002_31,161,1.61,0.004296
20150223075914016_m0002_31,162,1.62,0.003935
20150223075914016_m0002_31,163,1.63,0.003913
20150223075914016_m0002_31,164,1.64,0.004249
20150223075914016_m0002_31,165,1.65,0.004214
20150223075914016_m0002_31,166,1.66,0.004373
20150223075914016_m0002_31,167,1.67,0.004430
20150223075914016_m0002_31,168,1.68,0.004041
20150223075914016_m0002_31,169,1.69,0.003888
20150223075914016_m0002_31,170,1.70,0.003887
20150223075914016_m0002_31,171,1.71,0.003913
20150223075914016_m0002_31,172,1.72,0.004138
20150223075914016_m0002_31,173,1.73,0.004155
20150223075914016_m0002_31,174,1.74,0.004018
20150223075914016_m0002_31,175,1.75,0.004246
20150223075914016_m0002_31,176,1.76,0.003988
20150223075914016_m0002_31,177,1.77,0.004140
20150223075914016_m0002_31,178,1.78,0.003956
20150223075914016_m0002_31,179,1.79,0.003894
20150223075914016_m0002_31,180,1.80,0.004252
20150223075914016_m0002_31,181,1.81,0.004230
20150223075914016_m0002_31,182,1.82,0.004105
20150223075914016_m0002_31,183,1.83,0.004429
20150223075914016_m0002_31,184,1.84,0.004341
20150223075914016_m0002_31,185,1.85,0.004301
20150223075914016_m0002_31,186,1.86,0.004418
20150223075914016_m0002_31,187,1.87,0.004467
20150223075914016_m0002_31,188,1.88,0.004863
20150223075914016_m0002_31,189,1.89,0.004492
20150223075914016_m0002_31,190,1.90,0.004641
20150223075914016_m0002_31,191,1.91,0.005900
20150309101717512_m0002_31,0,0.00,0.003048
20150309101717512_m0002_31,1,0.01,0.003322
20150309101717512_m0002_31,2,0.02,0.003318
20150309101717512_m0002_31,3,0.03,0.003601
20150309101717512_m0002_31,4,0.04,0.003397
20150309101717512_m0002_31,5,0.05,0.004036
20150309101717512_m0002_31,6,0.06,0.004194
20150309101717512_m0002_31,7,0.07,0.004483
20150309101717512_m0002_31,8,0.08,0.004305
20150309101717512_m0002_31,9,0.09,0.004160
20150309101717512_m0002_31,10,0.10,0.004145
20150309101717512_m0002_31,11,0.11,0.004284
20150309101717512_m0002_31,12,0.12,0.004124
20150309101717512_m0002_31,13,0.13,0.003789
20150309101717512_m0002_31,14,0.14,0.003786
20150309101717512_m0002_31,15,0.15,0.003897
20150309101717512_m0002_31,16,0.16,0.005718
20150309101717512_m0002_31,17,0.17,0.006116
20150309101717512_m0002_31,18,0.18,0.007213
20150309101717512_m0002_31,19,0.19,0.005953
20150309101717512_m0002_31,20,0.20,0.007393
20150309101717512_m0002_31,21,0.21,0.007262
20150309101717512_m0002_31,22,0.22,0.007426
20150309101717512_m0002_31,23,0.23,0.007297
20150309101717512_m0002_31,24,0.24,0.007599
20150309101717512_m0002_31,25,0.25,0.006931
20150309101717512_m0002_31,26,0.26,0.005863
20150309101717512_m0002_31,27,0.27,0.004804
20150309101717512_m0002_31,28,0.28,0.004734
20150309101717512_m0002_31,29,0.29,0.004246
20150309101717512_m0002_31,30,0.30,0.004332
20150309101717512_m0002_31,31,0.31,0.004805
20150309101717512_m0002_31,32,0.32,0.004655
20150309101717512_m0002_31,33,0.33,0.005148
20150309101717512_m0002_31,34,0.34,0.007327
20150309101717512_m0002_31,35,0.35,0.005696
20150309101717512_m0002_31,36,0.36,0.004561
20150309101717512_m0002_31,37,0.37,0.003325
20150309101717512_m0002_31,38,0.38,0.004801
20150309101717512_m0002_31,39,0.39,0.005307
20150309101717512_m0002_31,40,0.40,0.005416
20150309101717512_m0002_31,41,0.41,0.004908
20150309101717512_m0002_31,42,0.42,0.005647
20150309101717512_m0002_31,43,0.43,0.005567
20150309101717512_m0002_31,44,0.44,0.005438
20150309101717512_m0002_31,45,0.45,0.004876
20150309101717512_m0002_31,46,0.46,0.004592
20150309101717512_m0002_31,47,0.47,0.004663
20150309101717512_m0002_31,48,0.48,0.004708
20150309101717512_m0002_31,49,0.49,0.005106
20150309101717512_m0002_31,50,0.50,0.004705
20150309101717512_m0002_31,51,0.51,0.003550
20150309101717512_m0002_31,52,0.52,0.003241
20150309101717512_m0002_31,53,0.53,0.006385
20150309101717512_m0002_31,54,0.54,0.006904
20150309101717512_m0002_31,55,0.55,0.008010
20150309101717512_m0002_31,56,0.56,0.007827
20150309101717512_m0002_31,57,0.57,0.007053
20150309101717512_m0002_31,58,0.58,0.006087
20150309101717512_m0002_31,59,0.59,0.007708
20150309101717512_m0002_31,60,0.60,0.006937
20150309101717512_m0002_31,61,0.61,0.005264
20150309101717512_m0002_31,62,0.62,0.004755
20150309101717512_m0002_31,63,0.63,0.005377
20150309101717512_m0002_31,64,0.64,0.003983
20150309101717512_m0002_31,65,0.65,0.004463
20150309101717512_m0002_31,66,0.66,0.005245
20150309101717512_m0002_31,67,0.67,0.005378
20150309101717512_m0002_31,68,0.68,0.005576
20150309101717512_m0002_31,69,0.69,0.005473
20150309101717512_m0002_31,70,0.70,0.005550
20150309101717512_m0002_31,71,0.71,0.005692
20150309101717512_m0002_31,72,0.72,0.004040
20150309101717512_m0002_31,73,0.73,0.005366
20150309101717512_m0002_31,74,0.74,0.007869
20150309101717512_m0002_31,75,0.75,0.008327
20150309101717512_m0002_31,76,0.76,0.008184
20150309101717512_m0002_31,77,0.77,0.008251
20150309101717512_m0002_31,78,0.78,0.008002
20150309101717512_m0002_31,79,0.79,0.008142
20150309101717512_m0002_31,80,0.80,0.006930
20150309101717512_m0002_31,81,0.81,0.004911
20150309101717512_m0002_31,82,0.82,0.004615
20150309101717512_m0002_31,83,0.83,0.004905
20150309101717512_m0002_31,84,0.84,0.005253
20150309101717512_m0002_31,85,0.85,0.004126
20150309101717512_m0002_31,86,0.86,0.004667
20150309101717512_m0002_31,87,0.87,0.006858
20150309101717512_m0002_31,88,0.88,0.006241
20150309101717512_m0002_31,89,0.89,0.006794
20150309101717512_m0002_31,90,0.90,0.006708
20150309101717512_m0002_31,91,0.91,0.006529
20150309101717512_m0002_31,92,0.92,0.006964
20150309101717512_m0002_31,93,0.93,0.006608
20150309101717512_m0002_31,94,0.94,0.005851
20150309101717512_m0002_31,95,0.95,0.006361
20150309101717512_m0002_31,96,0.96,0.006262
20150309101717512_m0002_31,97,0.97,0.006659
20150309101717512_m0002_31,98,0.98,0.006334
20150309101717512_m0002_31,99,0.99,0.006801
20150309101717512_m0002_31,100,1.00,0.005690
20150309101717512_m0002_31,101,1.01,0.003955
20150309101717512_m0002_31,102,1.02,0.004475
20150309101717512_m0002_31,103,1.03,0.005121
20150309101717512_m0002_31,104,1.04,0.004860
20150309101717512_m0002_31,105,1.05,0.005851
20150309101717512_m0002_31,106,1.06,0.006481
20150309101717512_m0002_31,107,1.07,0.003898
20150309101717512_m0002_31,108,1.08,0.005341
20150309101717512_m0002_31,109,1.09,0.005083
20150309101717512_m0002_31,110,1.10,0.004572
20150309101717512_m0002_31,111,1.11,0.004736
20150309101717512_m0002_31,112,1.12,0.004526
20150309101717512_m0002_31,113,1.13,0.004893
20150309101717512_m0002_31,114,1.14,0.005737
20150309101717512_m0002_31,115,1.15,0.005016
20150309101717512_m0002_31,116,1.16,0.005257
20150309101717512_m0002_31,117,1.17,0.005825
20150309101717512_m0002_31,118,1.18,0.004733
20150309101717512_m0002_31,119,1.19,0.004641
20150309101717512_m0002_31,120,1.20,0.005023
20150309101717512_m0002_31,121,1.21,0.004337
20150309101717512_m0002_31,122,1.22,0.007510
20150309101717512_m0002_31,123,1.23,0.007133
20150309101717512_m0002_31,124,1.24,0.007302
20150309101717512_m0002_31,125,1.25,0.006635
20150309101717512_m0002_31,126,1.26,0.005918
20150309101717512_m0002_31,127,1.27,0.004255
20150309101717512_m0002_31,128,1.28,0.003969
20150309101717512_m0002_31,129,1.29,0.004108
20150309101717512_m0002_31,130,1.30,0.003976
20150309101717512_m0002_31,131,1.31,0.003868
20150309101717512_m0002_31,132,1.32,0.003135
20150309101717512_m0002_31,133,1.33,0.003695
20150309101717512_m0002_31,134,1.34,0.005161
20150309101717512_m0002_31,135,1.35,0.003686
20150309101717512_m0002_31,136,1.36,0.005348
20150309101717512_m0002_31,137,1.37,0.005629
20150309101717512_m0002_31,138,1.38,0.003647
20150309101717512_m0002_31,139,1.39,0.003968
20150309101717512_m0002_31,140,1.40,0.003846
20150309101717512_m0002_31,141,1.41,0.003962
20150309101717512_m0002_31,142,1.42,0.003675
20150309101717512_m0002_31,143,1.43,0.004028
20150309101717512_m0002_31,144,1.44,0.003829
20150309101717512_m0002_31,145,1.45,0.003651
20150309101717512_m0002_31,146,1.46,0.003333
20150309101717512_m0002_31,147,1.47,0.003952
20150309101717512_m0002_31,148,1.48,0.004273
20150309101717512_m0002_31,149,1.49,0.003217
20150309101717512_m0002_31,150,1.50,0.002912
20150309101717512_m0002_31,151,1.51,0.002803
20150309101717512_m0002_31,152,1.52,0.003569
20150309101717512_m0002_31,153,1.53,0.004230
20150309101717512_m0002_31,154,1.54,0.004292
20150309101717512_m0002_31,155,1.55,0.004338
20150309101717512_m0002_31,156,1.56,0.005263
20150309101717512_m0002_31,157,1.57,0.005220
20150309101717512_m0002_31,158,1.58,0.004636
20150309101717512_m0002_31,159,1.59,0.004045
20150309101717512_m0002_31,160,1.60,0.003758
20150309101717512_m0002_31,161,1.61,0.003394
20150309101717512_m0002_31,162,1.62,0.003471
20150309101717512_m0002_31,163,1.63,0.003607
20150309101717512_m0002_31,164,1.64,0.003576
20150309101717512_m0002_31,165,1.65,0.003766
20150309101717512_m0002_31,166,1.66,0.003830
20150309101717512_m0002_31,167,1.67,0.003766
20150309101717512_m0002_31,168,1.68,0.003896
20150309101717512_m0002_31,169,1.69,0.003721
20150309101717512_m0002_31,170,1.70,0.003372
20150309101717512_m0002_31,171,1.71,0.003517
20150309101717512_m0002_31,172,1.72,0.003376
20150309101717512_m0002_31,173,1.73,0.003405
20150309101717512_m0002_31,174,1.74,0.003501
20150309101717512_m0002_31,175,1.75,0.003272
20150309101717512_m0002_31,176,1.76,0.003445
20150309101717512_m0002_31,177,1.77,0.003475
20150309101717512_m0002_31,178,1.78,0.003639
20150309101717512_m0002_31,179,1.79,0.003328
20150309101717512_m0002_31,180,1.80,0.003247
20150309101717512_m0002_31,181,1.81,0.003330
20150309101717512_m0002_31,182,1.82,0.003376
20150309101717512_m0002_31,183,1.83,0.003153
20150309101717512_m0002_31,184,1.84,0.003392
20150309101717512_m0002_31,185,1.85,0.003353
20150309101717512_m0002_31,186,1.86,0.003388
20150309101717512_m0002_31,187,1.87,0.003440
20150309101717512_m0002_31,188,1.88,0.003363
20150309101717512_m0002_31,189,1.89,0.003405
20150309101717512_m0002_31,190,1.90,0.003476
20150309101717512_m0002_31,191,1.91,0.003372
20150309101717512_m0002_31,192,1.92,0.003783
20150309101717512_m0002_31,193,1.93,0.003647
20150309101717512_m0002_31,194,1.94,0.003650
20150309101717512_m0002_31,195,1.95,0.003640
20150309101717512_m0002_31,196,1.96,0.003570
20150309101717512_m0002_31,197,1.97,0.003300
20150309101717512_m0002_31,198,1.98,0.003471
20150309101717512_m0002_31,199,1.99,0.003447
20150309101717512_m0002_31,200,2.00,0.003480
20150309101717512_m0002_31,201,2.01,0.003424
20150309101717512_m0002_31,202,2.02,0.003577
20150309101717512_m0002_31,203,2.03,0.004023
20150309101717512_m0002_31,204,2.04,0.004019
20150309101717512_m0002_31,205,2.05,0.003988
20150309101717512_m0002_31,206,2.06,0.004454
20150727093829473_m0002_31,0,0.00,0.003581
20150727093829473_m0002_31,1,0.01,0.004270
20150727093829473_m0002_31,2,0.02,0.003583
20150727093829473_m0002_31,3,0.03,0.004729
20150727093829473_m0002_31,4,0.04,0.005851
20150727093829473_m0002_31,5,0.05,0.004602
20150727093829473_m0002_31,6,0.06,0.004419
20150727093829473_m0002_31,7,0.07,0.003349
20150727093829473_m0002_31,8,0.08,0.003939
20150727093829473_m0002_31,9,0.09,0.004145
20150727093829473_m0002_31,10,0.10,0.005308
20150727093829473_m0002_31,11,0.11,0.005699
20150727093829473_m0002_31,12,0.12,0.004749
20150727093829473_m0002_31,13,0.13,0.003117
20150727093829473_m0002_31,14,0.14,0.004502
20150727093829473_m0002_31,15,0.15,0.004448
20150727093829473_m0002_31,16,0.16,0.005074
20150727093829473_m0002_31,17,0.17,0.006271
20150727093829473_m0002_31,18,0.18,0.008103
20150727093829473_m0002_31,19,0.19,0.007602
20150727093829473_m0002_31,20,0.20,0.005721
20150727093829473_m0002_31,21,0.21,0.006411
20150727093829473_m0002_31,22,0.22,0.006480
20150727093829473_m0002_31,23,0.23,0.006452
20150727093829473_m0002_31,24,0.24,0.006631
20150727093829473_m0002_31,25,0.25,0.006485
20150727093829473_m0002_31,26,0.26,0.005911
20150727093829473_m0002_31,27,0.27,0.005657
20150727093829473_m0002_31,28,0.28,0.004843
20150727093829473_m0002_31,29,0.29,0.004144
20150727093829473_m0002_31,30,0.30,0.003256
20150727093829473_m0002_31,31,0.31,0.003583
20150727093829473_m0002_31,32,0.32,0.006431
20150727093829473_m0002_31,33,0.33,0.007831
20150727093829473_m0002_31,34,0.34,0.007463
20150727093829473_m0002_31,35,0.35,0.006697
20150727093829473_m0002_31,36,0.36,0.005524
20150727093829473_m0002_31,37,0.37,0.004188
20150727093829473_m0002_31,38,0.38,0.003001
20150727093829473_m0002_31,39,0.39,0.004232
20150727093829473_m0002_31,40,0.40,0.004527
20150727093829473_m0002_31,41,0.41,0.004786
20150727093829473_m0002_31,42,0.42,0.004879
20150727093829473_m0002_31,43,0.43,0.004826
20150727093829473_m0002_31,44,0.44,0.004891
20150727093829473_m0002_31,45,0.45,0.004849
20150727093829473_m0002_31,46,0.46,0.004762
20150727093829473_m0002_31,47,0.47,0.004417
20150727093829473_m0002_31,48,0.48,0.005009
20150727093829473_m0002_31,49,0.49,0.005545
20150727093829473_m0002_31,50,0.50,0.006133
20150727093829473_m0002_31,51,0.51,0.005654
20150727093829473_m0002_31,52,0.52,0.003900
20150727093829473_m0002_31,53,0.53,0.004763
20150727093829473_m0002_31,54,0.54,0.005616
20150727093829473_m0002_31,55,0.55,0.006200
20150727093829473_m0002_31,56,0.56,0.006300
20150727093829473_m0002_31,57,0.57,0.007296
20150727093829473_m0002_31,58,0.58,0.007813
20150727093829473_m0002_31,59,0.59,0.007733
20150727093829473_m0002_31,60,0.60,0.006962
20150727093829473_m0002_31,61,0.61,0.006159
20150727093829473_m0002_31,62,0.62,0.006167
20150727093829473_m0002_31,63,0.63,0.004848
20150727093829473_m0002_31,64,0.64,0.004144
20150727093829473_m0002_31,65,0.65,0.006636
20150727093829473_m0002_31,66,0.66,0.006201
20150727093829473_m0002_31,67,0.67,0.006342
20150727093829473_m0002_31,68,0.68,0.005530
20150727093829473_m0002_31,69,0.69,0.004595
20150727093829473_m0002_31,70,0.70,0.004164
20150727093829473_m0002_31,71,0.71,0.005302
20150727093829473_m0002_31,72,0.72,0.006688
20150727093829473_m0002_31,73,0.73,0.007042
20150727093829473_m0002_31,74,0.74,0.007174
20150727093829473_m0002_31,75,0.75,0.006477
20150727093829473_m0002_31,76,0.76,0.007516
20150727093829473_m0002_31,77,0.77,0.007142
20150727093829473_m0002_31,78,0.78,0.004971
20150727093829473_m0002_31,79,0.79,0.003563
20150727093829473_m0002_31,80,0.80,0.005437
20150727093829473_m0002_31,81,0.81,0.005300
20150727093829473_m0002_31,82,0.82,0.004532
20150727093829473_m0002_31,83,0.83,0.003535
20150727093829473_m0002_31,84,0.84,0.005378
20150727093829473_m0002_31,85,0.85,0.005653
20150727093829473_m0002_31,86,0.86,0.005295
20150727093829473_m0002_31,87,0.87,0.005715
20150727093829473_m0002_31,88,0.88,0.006138
20150727093829473_m0002_31,89,0.89,0.006016
20150727093829473_m0002_31,90,0.90,0.005885
20150727093829473_m0002_31,91,0.91,0.006280
20150727093829473_m0002_31,92,0.92,0.006940
20150727093829473_m0002_31,93,0.93,0.005452
20150727093829473_m0002_31,94,0.94,0.006959
20150727093829473_m0002_31,95,0.95,0.006874
20150727093829473_m0002_31,96,0.96,0.004806
20150727093829473_m0002_31,97,0.97,0.005261
20150727093829473_m0002_31,98,0.98,0.005798
20150727093829473_m0002_31,99,0.99,0.005810
20150727093829473_m0002_31,100,1.00,0.004520
20150727093829473_m0002_31,101,1.01,0.003887
20150727093829473_m0002_31,102,1.02,0.004133
20150727093829473_m0002_31,103,1.03,0.003848
20150727093829473_m0002_31,104,1.04,0.003805
20150727093829473_m0002_31,105,1.05,0.004129
20150727093829473_m0002_31,106,1.06,0.004518
20150727093829473_m0002_31,107,1.07,0.005148
20150727093829473_m0002_31,108,1.08,0.005289
20150727093829473_m0002_31,109,1.09,0.005723
20150727093829473_m0002_31,110,1.10,0.005232
20150727093829473_m0002_31,111,1.11,0.004442
20150727093829473_m0002_31,112,1.12,0.003211
20150727093829473_m0002_31,113,1.13,0.005517
20150727093829473_m0002_31,114,1.14,0.007284
20150727093829473_m0002_31,115,1.15,0.007500
20150727093829473_m0002_31,116,1.16,0.007421
20150727093829473_m0002_31,117,1.17,0.005990
20150727093829473_m0002_31,118,1.18,0.005173
20150727093829473_m0002_31,119,1.19,0.004483
20150727093829473_m0002_31,120,1.20,0.003581
20150727093829473_m0002_31,121,1.21,0.003212
20150727093829473_m0002_31,122,1.22,0.003339
20150727093829473_m0002_31,123,1.23,0.002288
20150727093829473_m0002_31,124,1.24,0.002749
20150727093829473_m0002_31,125,1.25,0.003662
20150727093829473_m0002_31,126,1.26,0.003447
20150727093829473_m0002_31,127,1.27,0.003827
20150727093829473_m0002_31,128,1.28,0.004178
20150727093829473_m0002_31,129,1.29,0.004512
20150727093829473_m0002_31,130,1.30,0.004698
20150727093829473_m0002_31,131,1.31,0.004712
20150727093829473_m0002_31,132,1.32,0.004911
20150727093829473_m0002_31,133,1.33,0.004240
20150727093829473_m0002_31,134,1.34,0.004016
20150727093829473_m0002_31,135,1.35,0.003263
20150727093829473_m0002_31,136,1.36,0.002324
20150727093829473_m0002_31,137,1.37,0.002374
20150727093829473_m0002_31,138,1.38,0.005247
20150727093829473_m0002_31,139,1.39,0.004441
20150727093829473_m0002_31,140,1.40,0.005588
20150727093829473_m0002_31,141,1.41,0.005674
20150727093829473_m0002_31,142,1.42,0.006519
20150727093829473_m0002_31,143,1.43,0.005928
20150727093829473_m0002_31,144,1.44,0.005144
20150727093829473_m0002_31,145,1.45,0.004902
20150727093829473_m0002_31,146,1.46,0.003012
20150727093829473_m0002_31,147,1.47,0.002199
20150727093829473_m0002_31,148,1.48,0.004054
20150727093829473_m0002_31,149,1.49,0.003735
20150727093829473_m0002_31,150,1.50,0.005104
20150727093829473_m0002_31,151,1.51,0.004752
20150727093829473_m0002_31,152,1.52,0.004733
20150727093829473_m0002_31,153,1.53,0.005001
20150727093829473_m0002_31,154,1.54,0.004024
20150727093829473_m0002_31,155,1.55,0.004507
20150727093829473_m0002_31,156,1.56,0.005070
20150727093829473_m0002_31,157,1.57,0.004440
20150727093829473_m0002_31,158,1.58,0.003630
20150727093829473_m0002_31,159,1.59,0.004458
20150727093829473_m0002_31,160,1.60,0.004775
20150727093829473_m0002_31,161,1.61,0.004201
20150727093829473_m0002_31,162,1.62,0.004036
20150727093829473_m0002_31,163,1.63,0.004520
20150727093829473_m0002_31,164,1.64,0.004032
20150727093829473_m0002_31,165,1.65,0.003817
20150727093829473_m0002_31,166,1.66,0.004271
20150727093829473_m0002_31,167,1.67,0.004800
20150727093829473_m0002_31,168,1.68,0.004309
20150727093829473_m0002_31,169,1.69,0.003855
20150727093829473_m0002_31,170,1.70,0.004070
20150727093829473_m0002_31,171,1.71,0.003951
20150727093829473_m0002_31,172,1.72,0.003918
20150727093829473_m0002_31,173,1.73,0.004170
20150727093829473_m0002_31,174,1.74,0.003864
20150727093829473_m0002_31,175,1.75,0.004386
20150727093829473_m0002_31,176,1.76,0.004810
20150727093829473_m0002_31,177,1.77,0.004148
20150727093829473_m0002_31,178,1.78,0.003849
20150727093829473_m0002_31,179,1.79,0.004242
20150727093829473_m0002_31,180,1.80,0.004811
20150727093829473_m0002_31,181,1.81,0.004429
20150727093829473_m0002_31,182,1.82,0.004095
20150727093829473_m0002_31,183,1.83,0.003759
20150727093829473_m0002_31,184,1.84,0.003691
20150727093829473_m0002_31,185,1.85,0.004076
20150727093829473_m0002_31,186,1.86,0.003795
20150727093829473_m0002_31,187,1.87,0.004037
20150727093829473_m0002_31,188,1.88,0.003936
20150727093829473_m0002_31,189,1.89,0.003930
20150727093829473_m0002_31,190,1.90,0.003488
20150727093829473_m0002_31,191,1.91,0.004037
20150727093829473_m0002_31,192,1.92,0.003983
20150727093829473_m0002_31,193,1.93,0.005018
20150727093829473_m0002_31,194,1.94,0.004912
20150727093829473_m0002_31,195,1.95,0.004194
20150727093829473_m0002_31,196,1.96,0.004517
20150727093829473_m0002_31,197,1.97,0.004840
20150727093829473_m0002_31,198,1.98,0.004326
20150727093829473_m0002_31,199,1.99,0.004160
20150727093829473_m0002_31,200,2.00,0.003782
20150727093829473_m0002_31,201,2.01,0.004415
20150727093829473_m0002_31,202,2.02,0.006126
20150129105741915_m0002_31,0,0.00,0.004918
20150129105741915_m0002_31,1,0.01,0.005040
20150129105741915_m0002_31,2,0.02,0.005073
20150129105741915_m0002_31,3,0.03,0.005336
20150129105741915_m0002_31,4,0.04,0.005236
20150129105741915_m0002_31,5,0.05,0.005500
20150129105741915_m0002_31,6,0.06,0.004396
20150129105741915_m0002_31,7,0.07,0.006264
20150129105741915_m0002_31,8,0.08,0.009418
20150129105741915_m0002_31,9,0.09,0.007033
20150129105741915_m0002_31,10,0.10,0.010990
20150129105741915_m0002_31,11,0.11,0.012395
20150129105741915_m0002_31,12,0.12,0.008546
20150129105741915_m0002_31,13,0.13,0.007369
20150129105741915_m0002_31,14,0.14,0.007048
20150129105741915_m0002_31,15,0.15,0.006130
20150129105741915_m0002_31,16,0.16,0.005883
20150129105741915_m0002_31,17,0.17,0.006524
20150129105741915_m0002_31,18,0.18,0.006046
20150129105741915_m0002_31,19,0.19,0.005180
20150129105741915_m0002_31,20,0.20,0.004691
20150129105741915_m0002_31,21,0.21,0.006758
20150129105741915_m0002_31,22,0.22,0.006546
20150129105741915_m0002_31,23,0.23,0.007375
20150129105741915_m0002_31,24,0.24,0.007133
20150129105741915_m0002_31,25,0.25,0.006774
20150129105741915_m0002_31,26,0.26,0.007401
20150129105741915_m0002_31,27,0.27,0.004288
20150129105741915_m0002_31,28,0.28,0.005367
20150129105741915_m0002_31,29,0.29,0.007557
20150129105741915_m0002_31,30,0.30,0.007266
20150129105741915_m0002_31,31,0.31,0.007294
20150129105741915_m0002_31,32,0.32,0.007325
20150129105741915_m0002_31,33,0.33,0.006974
20150129105741915_m0002_31,34,0.34,0.007067
20150129105741915_m0002_31,35,0.35,0.007095
20150129105741915_m0002_31,36,0.36,0.007013
20150129105741915_m0002_31,37,0.37,0.005955
20150129105741915_m0002_31,38,0.38,0.004696
20150129105741915_m0002_31,39,0.39,0.006601
20150129105741915_m0002_31,40,0.40,0.006342
20150129105741915_m0002_31,41,0.41,0.007922
20150129105741915_m0002_31,42,0.42,0.009882
20150129105741915_m0002_31,43,0.43,0.009352
20150129105741915_m0002_31,44,0.44,0.008855
20150129105741915_m0002_31,45,0.45,0.007827
20150129105741915_m0002_31,46,0.46,0.008304
20150129105741915_m0002_31,47,0.47,0.006270
20150129105741915_m0002_31,48,0.48,0.004448
20150129105741915_m0002_31,49,0.49,0.004580
20150129105741915_m0002_31,50,0.50,0.005046
20150129105741915_m0002_31,51,0.51,0.004135
20150129105741915_m0002_31,52,0.52,0.005948
20150129105741915_m0002_31,53,0.53,0.005261
20150129105741915_m0002_31,54,0.54,0.005881
20150129105741915_m0002_31,55,0.55,0.005738
20150129105741915_m0002_31,56,0.56,0.004669
20150129105741915_m0002_31,57,0.57,0.005378
20150129105741915_m0002_31,58,0.58,0.006451
20150129105741915_m0002_31,59,0.59,0.007478
20150129105741915_m0002_31,60,0.60,0.008195
20150129105741915_m0002_31,61,0.61,0.008327
20150129105741915_m0002_31,62,0.62,0.008928
20150129105741915_m0002_31,63,0.63,0.008611
20150129105741915_m0002_31,64,0.64,0.008165
20150129105741915_m0002_31,65,0.65,0.006333
20150129105741915_m0002_31,66,0.66,0.005047
20150129105741915_m0002_31,67,0.67,0.005917
20150129105741915_m0002_31,68,0.68,0.005897
20150129105741915_m0002_31,69,0.69,0.005147
20150129105741915_m0002_31,70,0.70,0.005493
20150129105741915_m0002_31,71,0.71,0.007680
20150129105741915_m0002_31,72,0.72,0.008788
20150129105741915_m0002_31,73,0.73,0.009979
20150129105741915_m0002_31,74,0.74,0.009359
20150129105741915_m0002_31,75,0.75,0.010206
20150129105741915_m0002_31,76,0.76,0.011429
20150129105741915_m0002_31,77,0.77,0.012502
20150129105741915_m0002_31,78,0.78,0.012974
20150129105741915_m0002_31,79,0.79,0.009779
20150129105741915_m0002_31,80,0.80,0.009320
20150129105741915_m0002_31,81,0.81,0.010539
20150129105741915_m0002_31,82,0.82,0.007076
20150129105741915_m0002_31,83,0.83,0.006615
20150129105741915_m0002_31,84,0.84,0.008372
20150129105741915_m0002_31,85,0.85,0.006846
20150129105741915_m0002_31,86,0.86,0.005746
20150129105741915_m0002_31,87,0.87,0.004903
20150129105741915_m0002_31,88,0.88,0.006691
20150129105741915_m0002_31,89,0.89,0.006373
20150129105741915_m0002_31,90,0.90,0.006622
20150129105741915_m0002_31,91,0.91,0.007567
20150129105741915_m0002_31,92,0.92,0.008004
20150129105741915_m0002_31,93,0.93,0.007498
20150129105741915_m0002_31,94,0.94,0.007437
20150129105741915_m0002_31,95,0.95,0.006981
20150129105741915_m0002_31,96,0.96,0.006972
20150129105741915_m0002_31,97,0.97,0.007389
20150129105741915_m0002_31,98,0.98,0.007085
20150129105741915_m0002_31,99,0.99,0.006129
20150129105741915_m0002_31,100,1.00,0.005277
20150129105741915_m0002_31,101,1.01,0.008282
20150129105741915_m0002_31,102,1.02,0.009265
20150129105741915_m0002_31,103,1.03,0.008977
20150129105741915_m0002_31,104,1.04,0.008166
20150129105741915_m0002_31,105,1.05,0.007111
20150129105741915_m0002_31,106,1.06,0.005912
20150129105741915_m0002_31,107,1.07,0.004906
20150129105741915_m0002_31,108,1.08,0.004202
20150129105741915_m0002_31,109,1.09,0.004059
20150129105741915_m0002_31,110,1.10,0.005591
20150129105741915_m0002_31,111,1.11,0.005896
20150129105741915_m0002_31,112,1.12,0.005716
20150129105741915_m0002_31,113,1.13,0.005574
20150129105741915_m0002_31,114,1.14,0.006469
20150129105741915_m0002_31,115,1.15,0.005942
20150129105741915_m0002_31,116,1.16,0.005866
20150129105741915_m0002_31,117,1.17,0.005798
20150129105741915_m0002_31,118,1.18,0.005302
20150129105741915_m0002_31,119,1.19,0.005976
20150129105741915_m0002_31,120,1.20,0.005448
20150129105741915_m0002_31,121,1.21,0.005648
20150129105741915_m0002_31,122,1.22,0.004642
20150129105741915_m0002_31,123,1.23,0.004285
20150129105741915_m0002_31,124,1.24,0.004924
20150129105741915_m0002_31,125,1.25,0.004602
20150129105741915_m0002_31,126,1.26,0.005228
20150129105741915_m0002_31,127,1.27,0.005443
20150129105741915_m0002_31,128,1.28,0.006327
20150129105741915_m0002_31,129,1.29,0.007439
20150129105741915_m0002_31,130,1.30,0.006590
20150129105741915_m0002_31,131,1.31,0.006605
20150129105741915_m0002_31,132,1.32,0.006110
20150129105741915_m0002_31,133,1.33,0.006339
20150129105741915_m0002_31,134,1.34,0.004511
20150129105741915_m0002_31,135,1.35,0.004218
20150129105741915_m0002_31,136,1.36,0.004782
20150129105741915_m0002_31,137,1.37,0.004424
20150129105741915_m0002_31,138,1.38,0.004817
20150129105741915_m0002_31,139,1.39,0.004381
20150129105741915_m0002_31,140,1.40,0.004075
20150129105741915_m0002_31,141,1.41,0.004738
20150129105741915_m0002_31,142,1.42,0.005024
20150129105741915_m0002_31,143,1.43,0.005154
20150129105741915_m0002_31,144,1.44,0.005018
20150129105741915_m0002_31,145,1.45,0.004995
20150129105741915_m0002_31,146,1.46,0.005306
20150129105741915_m0002_31,147,1.47,0.005042
20150129105741915_m0002_31,148,1.48,0.005412
20150129105741915_m0002_31,149,1.49,0.005086
20150129105741915_m0002_31,150,1.50,0.004980
20150129105741915_m0002_31,151,1.51,0.005928
20150420075619519_m0002_31,0,0.00,0.007991
20150420075619519_m0002_31,1,0.01,0.011125
20150420075619519_m0002_31,2,0.02,0.010041
20150420075619519_m0002_31,3,0.03,0.009082
20150420075619519_m0002_31,4,0.04,0.009938
20150420075619519_m0002_31,5,0.05,0.009211
20150420075619519_m0002_31,6,0.06,0.007617
20150420075619519_m0002_31,7,0.07,0.007090
20150420075619519_m0002_31,8,0.08,0.006403
20150420075619519_m0002_31,9,0.09,0.006378
20150420075619519_m0002_31,10,0.10,0.006473
20150420075619519_m0002_31,11,0.11,0.006634
20150420075619519_m0002_31,12,0.12,0.005684
20150420075619519_m0002_31,13,0.13,0.004210
20150420075619519_m0002_31,14,0.14,0.003515
20150420075619519_m0002_31,15,0.15,0.006341
20150420075619519_m0002_31,16,0.16,0.006294
20150420075619519_m0002_31,17,0.17,0.005821
20150420075619519_m0002_31,18,0.18,0.006387
20150420075619519_m0002_31,19,0.19,0.006307
20150420075619519_m0002_31,20,0.20,0.007440
20150420075619519_m0002_31,21,0.21,0.005047
20150420075619519_m0002_31,22,0.22,0.003732
20150420075619519_m0002_31,23,0.23,0.005443
20150420075619519_m0002_31,24,0.24,0.005763
20150420075619519_m0002_31,25,0.25,0.005922
20150420075619519_m0002_31,26,0.26,0.005973
20150420075619519_m0002_31,27,0.27,0.006333
20150420075619519_m0002_31,28,0.28,0.006445
20150420075619519_m0002_31,29,0.29,0.006511
20150420075619519_m0002_31,30,0.30,0.006434
20150420075619519_m0002_31,31,0.31,0.006212
20150420075619519_m0002_31,32,0.32,0.005949
20150420075619519_m0002_31,33,0.33,0.006478
20150420075619519_m0002_31,34,0.34,0.006116
20150420075619519_m0002_31,35,0.35,0.004770
20150420075619519_m0002_31,36,0.36,0.005688
20150420075619519_m0002_31,37,0.37,0.007898
20150420075619519_m0002_31,38,0.38,0.008723
20150420075619519_m0002_31,39,0.39,0.008913
20150420075619519_m0002_31,40,0.40,0.009158
20150420075619519_m0002_31,41,0.41,0.008322
20150420075619519_m0002_31,42,0.42,0.008036
20150420075619519_m0002_31,43,0.43,0.007689
20150420075619519_m0002_31,44,0.44,0.006567
20150420075619519_m0002_31,45,0.45,0.006831
20150420075619519_m0002_31,46,0.46,0.006065
20150420075619519_m0002_31,47,0.47,0.003296
20150420075619519_m0002_31,48,0.48,0.002755
20150420075619519_m0002_31,49,0.49,0.003004
20150420075619519_m0002_31,50,0.50,0.006247
20150420075619519_m0002_31,51,0.51,0.006517
20150420075619519_m0002_31,52,0.52,0.006894
20150420075619519_m0002_31,53,0.53,0.006612
20150420075619519_m0002_31,54,0.54,0.006310
20150420075619519_m0002_31,55,0.55,0.005223
20150420075619519_m0002_31,56,0.56,0.005419
20150420075619519_m0002_31,57,0.57,0.007671
20150420075619519_m0002_31,58,0.58,0.007746
20150420075619519_m0002_31,59,0.59,0.009174
20150420075619519_m0002_31,60,0.60,0.009270
20150420075619519_m0002_31,61,0.61,0.008161
20150420075619519_m0002_31,62,0.62,0.008985
20150420075619519_m0002_31,63,0.63,0.008687
20150420075619519_m0002_31,64,0.64,0.006299
20150420075619519_m0002_31,65,0.65,0.004557
20150420075619519_m0002_31,66,0.66,0.003761
20150420075619519_m0002_31,67,0.67,0.004653
20150420075619519_m0002_31,68,0.68,0.004050
20150420075619519_m0002_31,69,0.69,0.004162
20150420075619519_m0002_31,70,0.70,0.003255
20150420075619519_m0002_31,71,0.71,0.004874
20150420075619519_m0002_31,72,0.72,0.007281
20150420075619519_m0002_31,73,0.73,0.008844
20150420075619519_m0002_31,74,0.74,0.009140
20150420075619519_m0002_31,75,0.75,0.009627
20150420075619519_m0002_31,76,0.76,0.009027
20150420075619519_m0002_31,77,0.77,0.008512
20150420075619519_m0002_31,78,0.78,0.008761
20150420075619519_m0002_31,79,0.79,0.007876
20150420075619519_m0002_31,80,0.80,0.007156
20150420075619519_m0002_31,81,0.81,0.005957
20150420075619519_m0002_31,82,0.82,0.007175
20150420075619519_m0002_31,83,0.83,0.004297
20150420075619519_m0002_31,84,0.84,0.005203
20150420075619519_m0002_31,85,0.85,0.004650
20150420075619519_m0002_31,86,0.86,0.004968
20150420075619519_m0002_31,87,0.87,0.004504
20150420075619519_m0002_31,88,0.88,0.004297
20150420075619519_m0002_31,89,0.89,0.003021
20150420075619519_m0002_31,90,0.90,0.004748
20150420075619519_m0002_31,91,0.91,0.004513
20150420075619519_m0002_31,92,0.92,0.003660
20150420075619519_m0002_31,93,0.93,0.003777
20150420075619519_m0002_31,94,0.94,0.005719
20150420075619519_m0002_31,95,0.95,0.006875
20150420075619519_m0002_31,96,0.96,0.006614
20150420075619519_m0002_31,97,0.97,0.007426
20150420075619519_m0002_31,98,0.98,0.007515
20150420075619519_m0002_31,99,0.99,0.006962
20150420075619519_m0002_31,100,1.00,0.006137
20150420075619519_m0002_31,101,1.01,0.005281
20150420075619519_m0002_31,102,1.02,0.003920
20150420075619519_m0002_31,103,1.03,0.006756
20150420075619519_m0002_31,104,1.04,0.009096
20150420075619519_m0002_31,105,1.05,0.009300
20150420075619519_m0002_31,106,1.06,0.009373
20150420075619519_m0002_31,107,1.07,0.008026
20150420075619519_m0002_31,108,1.08,0.006407
20150420075619519_m0002_31,109,1.09,0.003854
20150420075619519_m0002_31,110,1.10,0.003760
20150420075619519_m0002_31,111,1.11,0.004520
20150420075619519_m0002_31,112,1.12,0.003542
20150420075619519_m0002_31,113,1.13,0.002860
20150420075619519_m0002_31,114,1.14,0.003737
20150420075619519_m0002_31,115,1.15,0.004294
20150420075619519_m0002_31,116,1.16,0.005578
20150420075619519_m0002_31,117,1.17,0.006512
20150420075619519_m0002_31,118,1.18,0.006384
20150420075619519_m0002_31,119,1.19,0.006550
20150420075619519_m0002_31,120,1.20,0.006558
20150420075619519_m0002_31,121,1.21,0.006277
20150420075619519_m0002_31,122,1.22,0.006092
20150420075619519_m0002_31,123,1.23,0.005867
20150420075619519_m0002_31,124,1.24,0.005473
20150420075619519_m0002_31,125,1.25,0.004817
20150420075619519_m0002_31,126,1.26,0.004884
20150420075619519_m0002_31,127,1.27,0.004932
20150420075619519_m0002_31,128,1.28,0.004878
20150420075619519_m0002_31,129,1.29,0.003706
20150420075619519_m0002_31,130,1.30,0.004793
20150420075619519_m0002_31,131,1.31,0.003351
20150420075619519_m0002_31,132,1.32,0.003842
20150420075619519_m0002_31,133,1.33,0.003583
20150420075619519_m0002_31,134,1.34,0.004248
20150420075619519_m0002_31,135,1.35,0.004172
20150420075619519_m0002_31,136,1.36,0.004949
20150420075619519_m0002_31,137,1.37,0.005037
20150420075619519_m0002_31,138,1.38,0.005825
20150420075619519_m0002_31,139,1.39,0.005851
20150420075619519_m0002_31,140,1.40,0.003810
20150420075619519_m0002_31,141,1.41,0.002531
20150420075619519_m0002_31,142,1.42,0.002732
20150420075619519_m0002_31,143,1.43,0.003360
20150420075619519_m0002_31,144,1.44,0.003274
20150420075619519_m0002_31,145,1.45,0.003435
20150420075619519_m0002_31,146,1.46,0.003559
20150420075619519_m0002_31,147,1.47,0.003713
20150420075619519_m0002_31,148,1.48,0.003605
20150420075619519_m0002_31,149,1.49,0.003572
20150420075619519_m0002_31,150,1.50,0.003594
20150420075619519_m0002_31,151,1.51,0.003463
20150420075619519_m0002_31,152,1.52,0.003517
20150420075619519_m0002_31,153,1.53,0.003617
20150420075619519_m0002_31,154,1.54,0.003419
20150420075619519_m0002_31,155,1.55,0.003513
20150420075619519_m0002_31,156,1.56,0.003331
20150420075619519_m0002_31,157,1.57,0.003259
20150420075619519_m0002_31,158,1.58,0.003411
20150420075619519_m0002_31,159,1.59,0.003370
20150420075619519_m0002_31,160,1.60,0.003374
20150420075619519_m0002_31,161,1.61,0.003278
20150420075619519_m0002_31,162,1.62,0.003449
20150420075619519_m0002_31,163,1.63,0.003356
20150420075619519_m0002_31,164,1.64,0.003299
20150420075619519_m0002_31,165,1.65,0.003357
20150420075619519_m0002_31,166,1.66,0.003367
20150420075619519_m0002_31,167,1.67,0.003254
20150420075619519_m0002_31,168,1.68,0.003337
20150420075619519_m0002_31,169,1.69,0.003227
20150420075619519_m0002_31,170,1.70,0.003270
20150420075619519_m0002_31,171,1.71,0.003399
20150420075619519_m0002_31,172,1.72,0.003497
20150420075619519_m0002_31,173,1.73,0.003443
20150420075619519_m0002_31,174,1.74,0.003634
20150420075619519_m0002_31,175,1.75,0.003556
20150420075619519_m0002_31,176,1.76,0.003764
20150420075619519_m0002_31,177,1.77,0.003863
20150420075619519_m0002_31,178,1.78,0.004089
20150420075619519_m0002_31,179,1.79,0.004392
20150129105601404_m0002_31,0,0.00,0.004433
20150129105601404_m0002_31,1,0.01,0.004379
20150129105601404_m0002_31,2,0.02,0.004474
20150129105601404_m0002_31,3,0.03,0.004488
20150129105601404_m0002_31,4,0.04,0.005104
20150129105601404_m0002_31,5,0.05,0.004251
20150129105601404_m0002_31,6,0.06,0.004176
20150129105601404_m0002_31,7,0.07,0.004150
20150129105601404_m0002_31,8,0.08,0.004166
20150129105601404_m0002_31,9,0.09,0.004133
20150129105601404_m0002_31,10,0.10,0.004232
20150129105601404_m0002_31,11,0.11,0.004643
20150129105601404_m0002_31,12,0.12,0.004604
20150129105601404_m0002_31,13,0.13,0.004558
20150129105601404_m0002_31,14,0.14,0.004621
20150129105601404_m0002_31,15,0.15,0.004783
20150129105601404_m0002_31,16,0.16,0.004921
20150129105601404_m0002_31,17,0.17,0.004886
20150129105601404_m0002_31,18,0.18,0.004711
20150129105601404_m0002_31,19,0.19,0.004460
20150129105601404_m0002_31,20,0.20,0.005523
20150129105601404_m0002_31,21,0.21,0.005649
20150129105601404_m0002_31,22,0.22,0.009386
20150129105601404_m0002_31,23,0.23,0.006244
20150129105601404_m0002_31,24,0.24,0.008524
20150129105601404_m0002_31,25,0.25,0.010735
20150129105601404_m0002_31,26,0.26,0.010097
20150129105601404_m0002_31,27,0.27,0.010330
20150129105601404_m0002_31,28,0.28,0.008282
20150129105601404_m0002_31,29,0.29,0.007887
20150129105601404_m0002_31,30,0.30,0.006834
20150129105601404_m0002_31,31,0.31,0.005418
20150129105601404_m0002_31,32,0.32,0.005287
20150129105601404_m0002_31,33,0.33,0.004715
20150129105601404_m0002_31,34,0.34,0.004894
20150129105601404_m0002_31,35,0.35,0.005585
20150129105601404_m0002_31,36,0.36,0.005967
20150129105601404_m0002_31,37,0.37,0.006304
20150129105601404_m0002_31,38,0.38,0.006008
20150129105601404_m0002_31,39,0.39,0.004873
20150129105601404_m0002_31,40,0.40,0.004325
20150129105601404_m0002_31,41,0.41,0.005940
20150129105601404_m0002_31,42,0.42,0.006246
20150129105601404_m0002_31,43,0.43,0.005896
20150129105601404_m0002_31,44,0.44,0.006154
20150129105601404_m0002_31,45,0.45,0.006139
20150129105601404_m0002_31,46,0.46,0.005850
20150129105601404_m0002_31,47,0.47,0.005603
20150129105601404_m0002_31,48,0.48,0.005750
20150129105601404_m0002_31,49,0.49,0.006466
20150129105601404_m0002_31,50,0.50,0.006370
20150129105601404_m0002_31,51,0.51,0.006109
20150129105601404_m0002_31,52,0.52,0.004701
20150129105601404_m0002_31,53,0.53,0.004279
20150129105601404_m0002_31,54,0.54,0.006016
20150129105601404_m0002_31,55,0.55,0.007806
20150129105601404_m0002_31,56,0.56,0.008818
20150129105601404_m0002_31,57,0.57,0.009109
20150129105601404_m0002_31,58,0.58,0.008578
20150129105601404_m0002_31,59,0.59,0.008393
20150129105601404_m0002_31,60,0.60,0.007232
20150129105601404_m0002_31,61,0.61,0.007247
20150129105601404_m0002_31,62,0.62,0.005753
20150129105601404_m0002_31,63,0.63,0.003886
20150129105601404_m0002_31,64,0.64,0.004036
20150129105601404_m0002_31,65,0.65,0.004629
20150129105601404_m0002_31,66,0.66,0.005782
20150129105601404_m0002_31,67,0.67,0.005890
20150129105601404_m0002_31,68,0.68,0.006009
20150129105601404_m0002_31,69,0.69,0.005938
20150129105601404_m0002_31,70,0.70,0.005004
20150129105601404_m0002_31,71,0.71,0.003884
20150129105601404_m0002_31,72,0.72,0.006568
20150129105601404_m0002_31,73,0.73,0.008024
20150129105601404_m0002_31,74,0.74,0.007901
20150129105601404_m0002_31,75,0.75,0.008112
20150129105601404_m0002_31,76,0.76,0.007759
20150129105601404_m0002_31,77,0.77,0.007574
20150129105601404_m0002_31,78,0.78,0.007300
20150129105601404_m0002_31,79,0.79,0.006445
20150129105601404_m0002_31,80,0.80,0.004381
20150129105601404_m0002_31,81,0.81,0.003756
20150129105601404_m0002_31,82,0.82,0.004486
20150129105601404_m0002_31,83,0.83,0.006462
20150129105601404_m0002_31,84,0.84,0.008972
20150129105601404_m0002_31,85,0.85,0.009315
20150129105601404_m0002_31,86,0.86,0.009212
20150129105601404_m0002_31,87,0.87,0.006450
20150129105601404_m0002_31,88,0.88,0.010355
20150129105601404_m0002_31,89,0.89,0.010939
20150129105601404_m0002_31,90,0.90,0.010299
20150129105601404_m0002_31,91,0.91,0.011179
20150129105601404_m0002_31,92,0.92,0.010708
20150129105601404_m0002_31,93,0.93,0.009419
20150129105601404_m0002_31,94,0.94,0.010287
20150129105601404_m0002_31,95,0.95,0.009005
20150129105601404_m0002_31,96,0.96,0.006971
20150129105601404_m0002_31,97,0.97,0.009120
20150129105601404_m0002_31,98,0.98,0.006153
20150129105601404_m0002_31,99,0.99,0.005597
20150129105601404_m0002_31,100,1.00,0.005378
20150129105601404_m0002_31,101,1.01,0.005184
20150129105601404_m0002_31,102,1.02,0.005077
20150129105601404_m0002_31,103,1.03,0.004666
20150129105601404_m0002_31,104,1.04,0.005064
20150129105601404_m0002_31,105,1.05,0.005624
20150129105601404_m0002_31,106,1.06,0.006077
20150129105601404_m0002_31,107,1.07,0.006606
20150129105601404_m0002_31,108,1.08,0.007539
20150129105601404_m0002_31,109,1.09,0.007972
20150129105601404_m0002_31,110,1.10,0.007466
20150129105601404_m0002_31,111,1.11,0.007279
20150129105601404_m0002_31,112,1.12,0.007281
20150129105601404_m0002_31,113,1.13,0.006513
20150129105601404_m0002_31,114,1.14,0.005484
20150129105601404_m0002_31,115,1.15,0.006817
20150129105601404_m0002_31,116,1.16,0.009902
20150129105601404_m0002_31,117,1.17,0.010170
20150129105601404_m0002_31,118,1.18,0.007874
20150129105601404_m0002_31,119,1.19,0.006579
20150129105601404_m0002_31,120,1.20,0.005653
20150129105601404_m0002_31,121,1.21,0.005154
20150129105601404_m0002_31,122,1.22,0.004474
20150129105601404_m0002_31,123,1.23,0.004295
20150129105601404_m0002_31,124,1.24,0.003984
20150129105601404_m0002_31,125,1.25,0.003739
20150129105601404_m0002_31,126,1.26,0.004083
20150129105601404_m0002_31,127,1.27,0.004660
20150129105601404_m0002_31,128,1.28,0.004661
20150129105601404_m0002_31,129,1.29,0.005290
20150129105601404_m0002_31,130,1.30,0.005460
20150129105601404_m0002_31,131,1.31,0.004932
20150129105601404_m0002_31,132,1.32,0.005084
20150129105601404_m0002_31,133,1.33,0.005390
20150129105601404_m0002_31,134,1.34,0.006440
20150129105601404_m0002_31,135,1.35,0.005767
20150129105601404_m0002_31,136,1.36,0.005401
20150129105601404_m0002_31,137,1.37,0.006458
20150129105601404_m0002_31,138,1.38,0.004378
20150129105601404_m0002_31,139,1.39,0.003691
20150129105601404_m0002_31,140,1.40,0.003746
20150129105601404_m0002_31,141,1.41,0.003881
20150129105601404_m0002_31,142,1.42,0.004101
20150129105601404_m0002_31,143,1.43,0.004180
20150129105601404_m0002_31,144,1.44,0.004984
20150129105601404_m0002_31,145,1.45,0.005770
20150129105601404_m0002_31,146,1.46,0.005997
20150129105601404_m0002_31,147,1.47,0.006105
20150129105601404_m0002_31,148,1.48,0.006531
20150129105601404_m0002_31,149,1.49,0.006285
20150129105601404_m0002_31,150,1.50,0.004483
20150129105601404_m0002_31,151,1.51,0.003720
20150129105601404_m0002_31,152,1.52,0.003587
20150129105601404_m0002_31,153,1.53,0.004109
20150129105601404_m0002_31,154,1.54,0.004161
20150129105601404_m0002_31,155,1.55,0.004015
20150129105601404_m0002_31,156,1.56,0.004249
20150129105601404_m0002_31,157,1.57,0.004568
20150129105601404_m0002_31,158,1.58,0.004332
20150129105601404_m0002_31,159,1.59,0.004530
20150129105601404_m0002_31,160,1.60,0.004474
20150129105601404_m0002_31,161,1.61,0.004563
20150129105601404_m0002_31,162,1.62,0.004397
20150129105601404_m0002_31,163,1.63,0.004335
20150129105601404_m0002_31,164,1.64,0.004925
20150129105601404_m0002_31,165,1.65,0.005122
20150129105602637_m0002_31,0,0.00,0.006601
20150129105602637_m0002_31,1,0.01,0.008533
20150129105602637_m0002_31,2,0.02,0.009079
20150129105602637_m0002_31,3,0.03,0.009961
20150129105602637_m0002_31,4,0.04,0.008630
20150129105602637_m0002_31,5,0.05,0.007294
20150129105602637_m0002_31,6,0.06,0.006761
20150129105602637_m0002_31,7,0.07,0.006597
20150129105602637_m0002_31,8,0.08,0.006174
20150129105602637_m0002_31,9,0.09,0.005567
20150129105602637_m0002_31,10,0.10,0.005089
20150129105602637_m0002_31,11,0.11,0.004151
20150129105602637_m0002_31,12,0.12,0.003579
20150129105602637_m0002_31,13,0.13,0.005302
20150129105602637_m0002_31,14,0.14,0.006256
20150129105602637_m0002_31,15,0.15,0.006655
20150129105602637_m0002_31,16,0.16,0.007382
20150129105602637_m0002_31,17,0.17,0.006949
20150129105602637_m0002_31,18,0.18,0.005569
20150129105602637_m0002_31,19,0.19,0.004172
20150129105602637_m0002_31,20,0.20,0.007305
20150129105602637_m0002_31,21,0.21,0.007742
20150129105602637_m0002_31,22,0.22,0.007136
20150129105602637_m0002_31,23,0.23,0.006698
20150129105602637_m0002_31,24,0.24,0.006775
20150129105602637_m0002_31,25,0.25,0.006897
20150129105602637_m0002_31,26,0.26,0.006574
20150129105602637_m0002_31,27,0.27,0.006137
20150129105602637_m0002_31,28,0.28,0.006612
20150129105602637_m0002_31,29,0.29,0.006947
20150129105602637_m0002_31,30,0.30,0.007295
20150129105602637_m0002_31,31,0.31,0.007296
20150129105602637_m0002_31,32,0.32,0.006380
20150129105602637_m0002_31,33,0.33,0.003999
20150129105602637_m0002_31,34,0.34,0.005355
20150129105602637_m0002_31,35,0.35,0.006826
20150129105602637_m0002_31,36,0.36,0.008085
20150129105602637_m0002_31,37,0.37,0.009635
20150129105602637_m0002_31,38,0.38,0.009244
20150129105602637_m0002_31,39,0.39,0.008949
20150129105602637_m0002_31,40,0.40,0.008802
20150129105602637_m0002_31,41,0.41,0.007630
20150129105602637_m0002_31,42,0.42,0.008228
20150129105602637_m0002_31,43,0.43,0.006971
20150129105602637_m0002_31,44,0.44,0.004128
20150129105602637_m0002_31,45,0.45,0.005819
20150129105602637_m0002_31,46,0.46,0.007068
20150129105602637_m0002_31,47,0.47,0.006891
20150129105602637_m0002_31,48,0.48,0.007346
20150129105602637_m0002_31,49,0.49,0.007502
20150129105602637_m0002_31,50,0.50,0.005292
20150129105602637_m0002_31,51,0.51,0.005042
20150129105602637_m0002_31,52,0.52,0.007316
20150129105602637_m0002_31,53,0.53,0.008972
20150129105602637_m0002_31,54,0.54,0.009220
20150129105602637_m0002_31,55,0.55,0.008384
20150129105602637_m0002_31,56,0.56,0.008548
20150129105602637_m0002_31,57,0.57,0.008941
20150129105602637_m0002_31,58,0.58,0.007092
20150129105602637_m0002_31,59,0.59,0.005228
20150129105602637_m0002_31,60,0.60,0.004955
20150129105602637_m0002_31,61,0.61,0.005665
20150129105602637_m0002_31,62,0.62,0.006136
20150129105602637_m0002_31,63,0.63,0.004170
20150129105602637_m0002_31,64,0.64,0.003957
20150129105602637_m0002_31,65,0.65,0.006080
20150129105602637_m0002_31,66,0.66,0.007440
20150129105602637_m0002_31,67,0.67,0.010022
20150129105602637_m0002_31,68,0.68,0.009328
20150129105602637_m0002_31,69,0.69,0.009779
20150129105602637_m0002_31,70,0.70,0.011811
20150129105602637_m0002_31,71,0.71,0.012356
20150129105602637_m0002_31,72,0.72,0.013213
20150129105602637_m0002_31,73,0.73,0.011008
20150129105602637_m0002_31,74,0.74,0.008407
20150129105602637_m0002_31,75,0.75,0.010284
20150129105602637_m0002_31,76,0.76,0.009439
20150129105602637_m0002_31,77,0.77,0.006645
20150129105602637_m0002_31,78,0.78,0.006022
20150129105602637_m0002_31,79,0.79,0.005988
20150129105602637_m0002_31,80,0.80,0.006126
20150129105602637_m0002_31,81,0.81,0.006005
20150129105602637_m0002_31,82,0.82,0.005007
20150129105602637_m0002_31,83,0.83,0.005990
20150129105602637_m0002_31,84,0.84,0.006471
20150129105602637_m0002_31,85,0.85,0.007425
20150129105602637_m0002_31,86,0.86,0.007681
20150129105602637_m0002_31,87,0.87,0.008488
20150129105602637_m0002_31,88,0.88,0.008387
20150129105602637_m0002_31,89,0.89,0.008263
20150129105602637_m0002_31,90,0.90,0.008499
20150129105602637_m0002_31,91,0.91,0.008075
20150129105602637_m0002_31,92,0.92,0.007401
20150129105602637_m0002_31,93,0.93,0.006338
20150129105602637_m0002_31,94,0.94,0.005052
20150129105602637_m0002_31,95,0.95,0.009090
20150129105602637_m0002_31,96,0.96,0.010958
20150129105602637_m0002_31,97,0.97,0.010383
20150129105602637_m0002_31,98,0.98,0.008975
20150129105602637_m0002_31,99,0.99,0.007859
20150129105602637_m0002_31,100,1.00,0.006567
20150129105602637_m0002_31,101,1.01,0.004629
20150129105602637_m0002_31,102,1.02,0.004570
20150129105602637_m0002_31,103,1.03,0.004442
20150129105602637_m0002_31,104,1.04,0.004018
20150129105602637_m0002_31,105,1.05,0.003483
20150129105602637_m0002_31,106,1.06,0.005500
20150129105602637_m0002_31,107,1.07,0.005251
20150129105602637_m0002_31,108,1.08,0.005934
20150129105602637_m0002_31,109,1.09,0.006301
20150129105602637_m0002_31,110,1.10,0.006492
20150129105602637_m0002_31,111,1.11,0.005948
20150129105602637_m0002_31,112,1.12,0.006572
20150129105602637_m0002_31,113,1.13,0.005836
20150129105602637_m0002_31,114,1.14,0.006364
20150129105602637_m0002_31,115,1.15,0.004792
20150129105602637_m0002_31,116,1.16,0.004036
20150129105602637_m0002_31,117,1.17,0.004490
20150129105602637_m0002_31,118,1.18,0.004252
20150129105602637_m0002_31,119,1.19,0.004568
20150129105602637_m0002_31,120,1.20,0.004556
20150129105602637_m0002_31,121,1.21,0.004995
20150129105602637_m0002_31,122,1.22,0.005642
20150129105602637_m0002_31,123,1.23,0.006727
20150129105602637_m0002_31,124,1.24,0.006419
20150129105602637_m0002_31,125,1.25,0.006749
20150129105602637_m0002_31,126,1.26,0.007075
20150129105602637_m0002_31,127,1.27,0.006513
20150129105602637_m0002_31,128,1.28,0.003881
20150129105602637_m0002_31,129,1.29,0.003630
20150129105602637_m0002_31,130,1.30,0.004259
20150129105602637_m0002_31,131,1.31,0.004420
20150129105602637_m0002_31,132,1.32,0.004213
20150129105602637_m0002_31,133,1.33,0.004100
20150129105602637_m0002_31,134,1.34,0.004332
20150129105602637_m0002_31,135,1.35,0.004494
20150129105602637_m0002_31,136,1.36,0.004306
20150129105602637_m0002_31,137,1.37,0.004719
20150129105602637_m0002_31,138,1.38,0.004873
20150129105602637_m0002_31,139,1.39,0.004531
20150129105602637_m0002_31,140,1.40,0.004603
20150129105602637_m0002_31,141,1.41,0.004300
20150129105602637_m0002_31,142,1.42,0.004243
20150129105602637_m0002_31,143,1.43,0.004294
20150129105602637_m0002_31,144,1.44,0.004436
20150129105602637_m0002_31,145,1.45,0.004458
20150129105602637_m0002_31,146,1.46,0.004298
20150129105602637_m0002_31,147,1.47,0.004389
20150129105602637_m0002_31,148,1.48,0.004440
20150129105602637_m0002_31,149,1.49,0.004520
20150129105602637_m0002_31,150,1.50,0.004657
20150129105602637_m0002_31,151,1.51,0.004761
20150129105602637_m0002_31,152,1.52,0.005020
20150129105602637_m0002_31,153,1.53,0.005312
20150811091920347_m0002_31,0,0.00,0.003589
20150811091920347_m0002_31,1,0.01,0.003400
20150811091920347_m0002_31,2,0.02,0.003723
20150811091920347_m0002_31,3,0.03,0.004476
20150811091920347_m0002_31,4,0.04,0.004149
20150811091920347_m0002_31,5,0.05,0.004472
20150811091920347_m0002_31,6,0.06,0.004332
20150811091920347_m0002_31,7,0.07,0.004572
20150811091920347_m0002_31,8,0.08,0.004481
20150811091920347_m0002_31,9,0.09,0.004548
20150811091920347_m0002_31,10,0.10,0.004473
20150811091920347_m0002_31,11,0.11,0.003918
20150811091920347_m0002_31,12,0.12,0.003963
20150811091920347_m0002_31,13,0.13,0.004225
20150811091920347_m0002_31,14,0.14,0.004056
20150811091920347_m0002_31,15,0.15,0.003679
20150811091920347_m0002_31,16,0.16,0.002670
20150811091920347_m0002_31,17,0.17,0.004896
20150811091920347_m0002_31,18,0.18,0.007924
20150811091920347_m0002_31,19,0.19,0.009634
20150811091920347_m0002_31,20,0.20,0.007496
20150811091920347_m0002_31,21,0.21,0.006850
20150811091920347_m0002_31,22,0.22,0.008247
20150811091920347_m0002_31,23,0.23,0.007249
20150811091920347_m0002_31,24,0.24,0.006902
20150811091920347_m0002_31,25,0.25,0.006489
20150811091920347_m0002_31,26,0.26,0.005840
20150811091920347_m0002_31,27,0.27,0.005466
20150811091920347_m0002_31,28,0.28,0.005749
20150811091920347_m0002_31,29,0.29,0.005214
20150811091920347_m0002_31,30,0.30,0.004539
20150811091920347_m0002_31,31,0.31,0.004618
20150811091920347_m0002_31,32,0.32,0.004151
20150811091920347_m0002_31,33,0.33,0.002917
20150811091920347_m0002_31,34,0.34,0.004917
20150811091920347_m0002_31,35,0.35,0.005145
20150811091920347_m0002_31,36,0.36,0.005689
20150811091920347_m0002_31,37,0.37,0.005536
20150811091920347_m0002_31,38,0.38,0.005268
20150811091920347_m0002_31,39,0.39,0.003700
20150811091920347_m0002_31,40,0.40,0.002866
20150811091920347_m0002_31,41,0.41,0.004244
20150811091920347_m0002_31,42,0.42,0.004598
20150811091920347_m0002_31,43,0.43,0.004558
20150811091920347_m0002_31,44,0.44,0.004664
20150811091920347_m0002_31,45,0.45,0.005019
20150811091920347_m0002_31,46,0.46,0.005134
20150811091920347_m0002_31,47,0.47,0.005492
20150811091920347_m0002_31,48,0.48,0.005871
20150811091920347_m0002_31,49,0.49,0.005838
20150811091920347_m0002_31,50,0.50,0.005432
20150811091920347_m0002_31,51,0.51,0.004995
20150811091920347_m0002_31,52,0.52,0.005740
20150811091920347_m0002_31,53,0.53,0.005553
20150811091920347_m0002_31,54,0.54,0.006100
20150811091920347_m0002_31,55,0.55,0.005239
20150811091920347_m0002_31,56,0.56,0.003574
20150811091920347_m0002_31,57,0.57,0.005141
20150811091920347_m0002_31,58,0.58,0.007100
20150811091920347_m0002_31,59,0.59,0.007071
20150811091920347_m0002_31,60,0.60,0.007314
20150811091920347_m0002_31,61,0.61,0.007629
20150811091920347_m0002_31,62,0.62,0.007432
20150811091920347_m0002_31,63,0.63,0.006886
20150811091920347_m0002_31,64,0.64,0.006593
20150811091920347_m0002_31,65,0.65,0.006170
20150811091920347_m0002_31,66,0.66,0.005547
20150811091920347_m0002_31,67,0.67,0.006185
20150811091920347_m0002_31,68,0.68,0.005760
20150811091920347_m0002_31,69,0.69,0.004170
20150811091920347_m0002_31,70,0.70,0.004127
20150811091920347_m0002_31,71,0.71,0.005010
20150811091920347_m0002_31,72,0.72,0.004944
20150811091920347_m0002_31,73,0.73,0.003391
20150811091920347_m0002_31,74,0.74,0.004938
20150811091920347_m0002_31,75,0.75,0.006182
20150811091920347_m0002_31,76,0.76,0.006512
20150811091920347_m0002_31,77,0.77,0.006609
20150811091920347_m0002_31,78,0.78,0.006911
20150811091920347_m0002_31,79,0.79,0.006563
20150811091920347_m0002_31,80,0.80,0.005874
20150811091920347_m0002_31,81,0.81,0.007016
20150811091920347_m0002_31,82,0.82,0.007210
20150811091920347_m0002_31,83,0.83,0.006150
20150811091920347_m0002_31,84,0.84,0.003239
20150811091920347_m0002_31,85,0.85,0.004809
20150811091920347_m0002_31,86,0.86,0.006236
20150811091920347_m0002_31,87,0.87,0.004263
20150811091920347_m0002_31,88,0.88,0.003050
20150811091920347_m0002_31,89,0.89,0.004451
20150811091920347_m0002_31,90,0.90,0.006674
20150811091920347_m0002_31,91,0.91,0.006453
20150811091920347_m0002_31,92,0.92,0.009349
20150811091920347_m0002_31,93,0.93,0.008139
20150811091920347_m0002_31,94,0.94,0.006999
20150811091920347_m0002_31,95,0.95,0.007154
20150811091920347_m0002_31,96,0.96,0.007351
20150811091920347_m0002_31,97,0.97,0.007328
20150811091920347_m0002_31,98,0.98,0.007002
20150811091920347_m0002_31,99,0.99,0.007113
20150811091920347_m0002_31,100,1.00,0.006263
20150811091920347_m0002_31,101,1.01,0.005185
20150811091920347_m0002_31,102,1.02,0.005649
20150811091920347_m0002_31,103,1.03,0.004481
20150811091920347_m0002_31,104,1.04,0.005305
20150811091920347_m0002_31,105,1.05,0.004479
20150811091920347_m0002_31,106,1.06,0.004377
20150811091920347_m0002_31,107,1.07,0.004945
20150811091920347_m0002_31,108,1.08,0.003580
20150811091920347_m0002_31,109,1.09,0.004040
20150811091920347_m0002_31,110,1.10,0.004231
20150811091920347_m0002_31,111,1.11,0.003634
20150811091920347_m0002_31,112,1.12,0.003582
20150811091920347_m0002_31,113,1.13,0.003835
20150811091920347_m0002_31,114,1.14,0.004600
20150811091920347_m0002_31,115,1.15,0.005686
20150811091920347_m0002_31,116,1.16,0.006781
20150811091920347_m0002_31,117,1.17,0.006419
20150811091920347_m0002_31,118,1.18,0.005842
20150811091920347_m0002_31,119,1.19,0.005872
20150811091920347_m0002_31,120,1.20,0.006474
20150811091920347_m0002_31,121,1.21,0.005381
20150811091920347_m0002_31,122,1.22,0.004241
20150811091920347_m0002_31,123,1.23,0.004589
20150811091920347_m0002_31,124,1.24,0.006854
20150811091920347_m0002_31,125,1.25,0.006887
20150811091920347_m0002_31,126,1.26,0.007265
20150811091920347_m0002_31,127,1.27,0.007504
20150811091920347_m0002_31,128,1.28,0.006733
20150811091920347_m0002_31,129,1.29,0.004737
20150811091920347_m0002_31,130,1.30,0.004365
20150811091920347_m0002_31,131,1.31,0.003241
20150811091920347_m0002_31,132,1.32,0.003881
20150811091920347_m0002_31,133,1.33,0.002973
20150811091920347_m0002_31,134,1.34,0.002855
20150811091920347_m0002_31,135,1.35,0.003608
20150811091920347_m0002_31,136,1.36,0.004083
20150811091920347_m0002_31,137,1.37,0.004130
20150811091920347_m0002_31,138,1.38,0.004692
20150811091920347_m0002_31,139,1.39,0.004756
20150811091920347_m0002_31,140,1.40,0.004953
20150811091920347_m0002_31,141,1.41,0.004932
20150811091920347_m0002_31,142,1.42,0.005002
20150811091920347_m0002_31,143,1.43,0.004719
20150811091920347_m0002_31,144,1.44,0.004815
20150811091920347_m0002_31,145,1.45,0.004800
20150811091920347_m0002_31,146,1.46,0.004649
20150811091920347_m0002_31,147,1.47,0.004635
20150811091920347_m0002_31,148,1.48,0.003788
20150811091920347_m0002_31,149,1.49,0.003416
20150811091920347_m0002_31,150,1.50,0.003042
20150811091920347_m0002_31,151,1.51,0.004317
20150811091920347_m0002_31,152,1.52,0.005147
20150811091920347_m0002_31,153,1.53,0.006045
20150811091920347_m0002_31,154,1.54,0.005427
20150811091920347_m0002_31,155,1.55,0.005410
20150811091920347_m0002_31,156,1.56,0.006261
20150811091920347_m0002_31,157,1.57,0.006036
20150811091920347_m0002_31,158,1.58,0.003311
20150811091920347_m0002_31,159,1.59,0.002960
20150811091920347_m0002_31,160,1.60,0.004408
20150811091920347_m0002_31,161,1.61,0.004474
20150811091920347_m0002_31,162,1.62,0.004561
20150811091920347_m0002_31,163,1.63,0.004269
20150811091920347_m0002_31,164,1.64,0.003676
20150811091920347_m0002_31,165,1.65,0.003954
20150811091920347_m0002_31,166,1.66,0.003909
20150811091920347_m0002_31,167,1.67,0.004023
20150811091920347_m0002_31,168,1.68,0.003850
20150811091920347_m0002_31,169,1.69,0.003688
20150811091920347_m0002_31,170,1.70,0.003749
20150811091920347_m0002_31,171,1.71,0.004034
20150811091920347_m0002_31,172,1.72,0.004036
20150811091920347_m0002_31,173,1.73,0.003984
20150811091920347_m0002_31,174,1.74,0.004216
20150811091920347_m0002_31,175,1.75,0.003707
20150811091920347_m0002_31,176,1.76,0.003954
20150811091920347_m0002_31,177,1.77,0.004092
20150811091920347_m0002_31,178,1.78,0.004088
20150811091920347_m0002_31,179,1.79,0.004099
20150811091920347_m0002_31,180,1.80,0.003634
20150811091920347_m0002_31,181,1.81,0.003587
20150811091920347_m0002_31,182,1.82,0.004003
20150811091920347_m0002_31,183,1.83,0.003700
20150811091920347_m0002_31,184,1.84,0.003682
20150811091920347_m0002_31,185,1.85,0.003770
20150811091920347_m0002_31,186,1.86,0.003679
20150811091920347_m0002_31,187,1.87,0.003996
20150811091920347_m0002_31,188,1.88,0.004201
20150811091920347_m0002_31,189,1.89,0.003996
20150811091920347_m0002_31,190,1.90,0.004027
20150811091920347_m0002_31,191,1.91,0.004001
20150811091920347_m0002_31,192,1.92,0.003979
20150811091920347_m0002_31,193,1.93,0.003763
20150811091920347_m0002_31,194,1.94,0.003935
20150811091920347_m0002_31,195,1.95,0.004420
20150811091920347_m0002_31,196,1.96,0.004154
20150811091920347_m0002_31,197,1.97,0.004195
20150811091920347_m0002_31,198,1.98,0.004681
20150817100154822_m0002_31,0,0.00,0.003533
20150817100154822_m0002_31,1,0.01,0.003454
20150817100154822_m0002_31,2,0.02,0.003381
20150817100154822_m0002_31,3,0.03,0.003871
20150817100154822_m0002_31,4,0.04,0.004175
20150817100154822_m0002_31,5,0.05,0.004400
20150817100154822_m0002_31,6,0.06,0.003943
20150817100154822_m0002_31,7,0.07,0.003593
20150817100154822_m0002_31,8,0.08,0.006133
20150817100154822_m0002_31,9,0.09,0.010833
20150817100154822_m0002_31,10,0.10,0.007698
20150817100154822_m0002_31,11,0.11,0.008706
20150817100154822_m0002_31,12,0.12,0.009535
20150817100154822_m0002_31,13,0.13,0.008854
20150817100154822_m0002_31,14,0.14,0.008228
20150817100154822_m0002_31,15,0.15,0.007540
20150817100154822_m0002_31,16,0.16,0.006775
20150817100154822_m0002_31,17,0.17,0.006963
20150817100154822_m0002_31,18,0.18,0.007787
20150817100154822_m0002_31,19,0.19,0.007787
20150817100154822_m0002_31,20,0.20,0.005459
20150817100154822_m0002_31,21,0.21,0.004027
20150817100154822_m0002_31,22,0.22,0.005783
20150817100154822_m0002_31,23,0.23,0.003305
20150817100154822_m0002_31,24,0.24,0.004429
20150817100154822_m0002_31,25,0.25,0.004438
20150817100154822_m0002_31,26,0.26,0.004183
20150817100154822_m0002_31,27,0.27,0.006220
20150817100154822_m0002_31,28,0.28,0.004487
20150817100154822_m0002_31,29,0.29,0.003763
20150817100154822_m0002_31,30,0.30,0.005564
20150817100154822_m0002_31,31,0.31,0.005687
20150817100154822_m0002_31,32,0.32,0.005771
20150817100154822_m0002_31,33,0.33,0.005555
20150817100154822_m0002_31,34,0.34,0.005454
20150817100154822_m0002_31,35,0.35,0.005652
20150817100154822_m0002_31,36,0.36,0.005704
20150817100154822_m0002_31,37,0.37,0.006035
20150817100154822_m0002_31,38,0.38,0.006486
20150817100154822_m0002_31,39,0.39,0.006438
20150817100154822_m0002_31,40,0.40,0.006841
20150817100154822_m0002_31,41,0.41,0.006549
20150817100154822_m0002_31,42,0.42,0.006618
20150817100154822_m0002_31,43,0.43,0.005698
20150817100154822_m0002_31,44,0.44,0.006255
20150817100154822_m0002_31,45,0.45,0.005949
20150817100154822_m0002_31,46,0.46,0.006697
20150817100154822_m0002_31,47,0.47,0.007220
20150817100154822_m0002_31,48,0.48,0.007027
20150817100154822_m0002_31,49,0.49,0.007169
20150817100154822_m0002_31,50,0.50,0.007646
20150817100154822_m0002_31,51,0.51,0.007833
20150817100154822_m0002_31,52,0.52,0.007674
20150817100154822_m0002_31,53,0.53,0.006797
20150817100154822_m0002_31,54,0.54,0.005780
20150817100154822_m0002_31,55,0.55,0.004036
20150817100154822_m0002_31,56,0.56,0.005963
20150817100154822_m0002_31,57,0.57,0.006890
20150817100154822_m0002_31,58,0.58,0.007221
20150817100154822_m0002_31,59,0.59,0.007136
20150817100154822_m0002_31,60,0.60,0.007141
20150817100154822_m0002_31,61,0.61,0.006046
20150817100154822_m0002_31,62,0.62,0.003656
20150817100154822_m0002_31,63,0.63,0.006411
20150817100154822_m0002_31,64,0.64,0.007137
20150817100154822_m0002_31,65,0.65,0.008208
20150817100154822_m0002_31,66,0.66,0.009097
20150817100154822_m0002_31,67,0.67,0.008558
20150817100154822_m0002_31,68,0.68,0.008663
20150817100154822_m0002_31,69,0.69,0.008254
20150817100154822_m0002_31,70,0.70,0.006469
20150817100154822_m0002_31,71,0.71,0.005265
20150817100154822_m0002_31,72,0.72,0.004750
20150817100154822_m0002_31,73,0.73,0.004894
20150817100154822_m0002_31,74,0.74,0.006091
20150817100154822_m0002_31,75,0.75,0.004568
20150817100154822_m0002_31,76,0.76,0.004749
20150817100154822_m0002_31,77,0.77,0.009572
20150817100154822_m0002_31,78,0.78,0.009732
20150817100154822_m0002_31,79,0.79,0.007385
20150817100154822_m0002_31,80,0.80,0.008736
20150817100154822_m0002_31,81,0.81,0.010864
20150817100154822_m0002_31,82,0.82,0.009488
20150817100154822_m0002_31,83,0.83,0.009828
20150817100154822_m0002_31,84,0.84,0.009351
20150817100154822_m0002_31,85,0.85,0.009348
20150817100154822_m0002_31,86,0.86,0.009883
20150817100154822_m0002_31,87,0.87,0.009971
20150817100154822_m0002_31,88,0.88,0.005835
20150817100154822_m0002_31,89,0.89,0.006519
20150817100154822_m0002_31,90,0.90,0.005876
20150817100154822_m0002_31,91,0.91,0.004000
20150817100154822_m0002_31,92,0.92,0.005183
20150817100154822_m0002_31,93,0.93,0.004824
20150817100154822_m0002_31,94,0.94,0.004890
20150817100154822_m0002_31,95,0.95,0.004059
20150817100154822_m0002_31,96,0.96,0.004811
20150817100154822_m0002_31,97,0.97,0.005049
20150817100154822_m0002_31,98,0.98,0.005247
20150817100154822_m0002_31,99,0.99,0.005765
20150817100154822_m0002_31,100,1.00,0.005605
20150817100154822_m0002_31,101,1.01,0.006006
20150817100154822_m0002_31,102,1.02,0.006397
20150817100154822_m0002_31,103,1.03,0.006388
20150817100154822_m0002_31,104,1.04,0.006981
20150817100154822_m0002_31,105,1.05,0.006421
20150817100154822_m0002_31,106,1.06,0.006475
20150817100154822_m0002_31,107,1.07,0.005068
20150817100154822_m0002_31,108,1.08,0.003965
20150817100154822_m0002_31,109,1.09,0.005604
20150817100154822_m0002_31,110,1.10,0.008540
20150817100154822_m0002_31,111,1.11,0.009892
20150817100154822_m0002_31,112,1.12,0.010538
20150817100154822_m0002_31,113,1.13,0.008983
20150817100154822_m0002_31,114,1.14,0.006288
20150817100154822_m0002_31,115,1.15,0.005152
20150817100154822_m0002_31,116,1.16,0.004737
20150817100154822_m0002_31,117,1.17,0.003756
20150817100154822_m0002_31,118,1.18,0.003538
20150817100154822_m0002_31,119,1.19,0.003329
20150817100154822_m0002_31,120,1.20,0.003092
20150817100154822_m0002_31,121,1.21,0.003943
20150817100154822_m0002_31,122,1.22,0.004633
20150817100154822_m0002_31,123,1.23,0.006457
20150817100154822_m0002_31,124,1.24,0.005295
20150817100154822_m0002_31,125,1.25,0.005584
20150817100154822_m0002_31,126,1.26,0.006476
20150817100154822_m0002_31,127,1.27,0.005999
20150817100154822_m0002_31,128,1.28,0.006199
20150817100154822_m0002_31,129,1.29,0.005846
20150817100154822_m0002_31,130,1.30,0.005956
20150817100154822_m0002_31,131,1.31,0.005321
20150817100154822_m0002_31,132,1.32,0.004108
20150817100154822_m0002_31,133,1.33,0.004676
20150817100154822_m0002_31,134,1.34,0.002555
20150817100154822_m0002_31,135,1.35,0.006287
20150817100154822_m0002_31,136,1.36,0.003320
20150817100154822_m0002_31,137,1.37,0.002950
20150817100154822_m0002_31,138,1.38,0.003887
20150817100154822_m0002_31,139,1.39,0.004533
20150817100154822_m0002_31,140,1.40,0.004470
20150817100154822_m0002_31,141,1.41,0.006803
20150817100154822_m0002_31,142,1.42,0.008667
20150817100154822_m0002_31,143,1.43,0.008591
20150817100154822_m0002_31,144,1.44,0.006995
20150817100154822_m0002_31,145,1.45,0.003915
20150817100154822_m0002_31,146,1.46,0.002962
20150817100154822_m0002_31,147,1.47,0.003850
20150817100154822_m0002_31,148,1.48,0.003897
20150817100154822_m0002_31,149,1.49,0.004036
20150817100154822_m0002_31,150,1.50,0.003904
20150817100154822_m0002_31,151,1.51,0.003713
20150817100154822_m0002_31,152,1.52,0.003657
20150817100154822_m0002_31,153,1.53,0.003425
20150817100154822_m0002_31,154,1.54,0.002961
20150817100154822_m0002_31,155,1.55,0.003171
20150817100154822_m0002_31,156,1.56,0.003165
20150817100154822_m0002_31,157,1.57,0.003120
20150817100154822_m0002_31,158,1.58,0.003330
20150817100154822_m0002_31,159,1.59,0.003214
20150817100154822_m0002_31,160,1.60,0.003122
20150817100154822_m0002_31,161,1.61,0.003211
20150817100154822_m0002_31,162,1.62,0.003226
20150817100154822_m0002_31,163,1.63,0.003384
20150817100154822_m0002_31,164,1.64,0.003045
20150817100154822_m0002_31,165,1.65,0.003190
20150817100154822_m0002_31,166,1.66,0.003413
20150817100154822_m0002_31,167,1.67,0.003357
20150817100154822_m0002_31,168,1.68,0.003221
20150817100154822_m0002_31,169,1.69,0.003220
20150817100154822_m0002_31,170,1.70,0.003311
20150817100154822_m0002_31,171,1.71,0.003749
20150817100154822_m0002_31,172,1.72,0.003397
20150817100154822_m0002_31,173,1.73,0.003546
20150817100154822_m0002_31,174,1.74,0.004184
20150504083857481_m0002_31,0,0.00,0.003145
20150504083857481_m0002_31,1,0.01,0.003264
20150504083857481_m0002_31,2,0.02,0.003324
20150504083857481_m0002_31,3,0.03,0.003843
20150504083857481_m0002_31,4,0.04,0.003527
20150504083857481_m0002_31,5,0.05,0.003971
20150504083857481_m0002_31,6,0.06,0.004288
20150504083857481_m0002_31,7,0.07,0.003997
20150504083857481_m0002_31,8,0.08,0.004139
20150504083857481_m0002_31,9,0.09,0.004237
20150504083857481_m0002_31,10,0.10,0.004402
20150504083857481_m0002_31,11,0.11,0.004254
20150504083857481_m0002_31,12,0.12,0.004335
20150504083857481_m0002_31,13,0.13,0.004505
20150504083857481_m0002_31,14,0.14,0.004484
20150504083857481_m0002_31,15,0.15,0.004770
20150504083857481_m0002_31,16,0.16,0.004794
20150504083857481_m0002_31,17,0.17,0.004712
20150504083857481_m0002_31,18,0.18,0.004002
20150504083857481_m0002_31,19,0.19,0.003576
20150504083857481_m0002_31,20,0.20,0.006378
20150504083857481_m0002_31,21,0.21,0.005534
20150504083857481_m0002_31,22,0.22,0.005841
20150504083857481_m0002_31,23,0.23,0.009661
20150504083857481_m0002_31,24,0.24,0.005299
20150504083857481_m0002_31,25,0.25,0.006156
20150504083857481_m0002_31,26,0.26,0.006287
20150504083857481_m0002_31,27,0.27,0.005867
20150504083857481_m0002_31,28,0.28,0.005001
20150504083857481_m0002_31,29,0.29,0.004576
20150504083857481_m0002_31,30,0.30,0.003977
20150504083857481_m0002_31,31,0.31,0.004168
20150504083857481_m0002_31,32,0.32,0.004050
20150504083857481_m0002_31,33,0.33,0.003989
20150504083857481_m0002_31,34,0.34,0.003143
20150504083857481_m0002_31,35,0.35,0.004669
20150504083857481_m0002_31,36,0.36,0.005965
20150504083857481_m0002_31,37,0.37,0.006716
20150504083857481_m0002_31,38,0.38,0.007960
20150504083857481_m0002_31,39,0.39,0.005755
20150504083857481_m0002_31,40,0.40,0.003118
20150504083857481_m0002_31,41,0.41,0.004734
20150504083857481_m0002_31,42,0.42,0.005243
20150504083857481_m0002_31,43,0.43,0.005190
20150504083857481_m0002_31,44,0.44,0.004753
20150504083857481_m0002_31,45,0.45,0.004799
20150504083857481_m0002_31,46,0.46,0.005189
20150504083857481_m0002_31,47,0.47,0.005507
20150504083857481_m0002_31,48,0.48,0.005211
20150504083857481_m0002_31,49,0.49,0.004652
20150504083857481_m0002_31,50,0.50,0.004017
20150504083857481_m0002_31,51,0.51,0.004317
20150504083857481_m0002_31,52,0.52,0.005438
20150504083857481_m0002_31,53,0.53,0.005911
20150504083857481_m0002_31,54,0.54,0.005434
20150504083857481_m0002_31,55,0.55,0.004035
20150504083857481_m0002_31,56,0.56,0.005006
20150504083857481_m0002_31,57,0.57,0.005390
20150504083857481_m0002_31,58,0.58,0.006431
20150504083857481_m0002_31,59,0.59,0.007336
20150504083857481_m0002_31,60,0.60,0.007259
20150504083857481_m0002_31,61,0.61,0.007141
20150504083857481_m0002_31,62,0.62,0.007162
20150504083857481_m0002_31,63,0.63,0.007224
20150504083857481_m0002_31,64,0.64,0.007015
20150504083857481_m0002_31,65,0.65,0.006962
20150504083857481_m0002_31,66,0.66,0.006667
20150504083857481_m0002_31,67,0.67,0.005614
20150504083857481_m0002_31,68,0.68,0.005163
20150504083857481_m0002_31,69,0.69,0.006161
20150504083857481_m0002_31,70,0.70,0.006405
20150504083857481_m0002_31,71,0.71,0.006113
20150504083857481_m0002_31,72,0.72,0.005479
20150504083857481_m0002_31,73,0.73,0.005200
20150504083857481_m0002_31,74,0.74,0.004380
20150504083857481_m0002_31,75,0.75,0.006355
20150504083857481_m0002_31,76,0.76,0.007394
20150504083857481_m0002_31,77,0.77,0.007764
20150504083857481_m0002_31,78,0.78,0.007549
20150504083857481_m0002_31,79,0.79,0.007764
20150504083857481_m0002_31,80,0.80,0.007799
20150504083857481_m0002_31,81,0.81,0.007471
20150504083857481_m0002_31,82,0.82,0.006956
20150504083857481_m0002_31,83,0.83,0.005606
20150504083857481_m0002_31,84,0.84,0.003750
20150504083857481_m0002_31,85,0.85,0.004559
20150504083857481_m0002_31,86,0.86,0.004807
20150504083857481_m0002_31,87,0.87,0.004163
20150504083857481_m0002_31,88,0.88,0.004545
20150504083857481_m0002_31,89,0.89,0.008986
20150504083857481_m0002_31,90,0.90,0.008515
20150504083857481_m0002_31,91,0.91,0.005380
20150504083857481_m0002_31,92,0.92,0.006875
20150504083857481_m0002_31,93,0.93,0.008822
20150504083857481_m0002_31,94,0.94,0.008085
20150504083857481_m0002_31,95,0.95,0.006972
20150504083857481_m0002_31,96,0.96,0.007193
20150504083857481_m0002_31,97,0.97,0.006477
20150504083857481_m0002_31,98,0.98,0.005914
20150504083857481_m0002_31,99,0.99,0.005874
20150504083857481_m0002_31,100,1.00,0.005509
20150504083857481_m0002_31,101,1.01,0.004286
20150504083857481_m0002_31,102,1.02,0.005020
20150504083857481_m0002_31,103,1.03,0.006030
20150504083857481_m0002_31,104,1.04,0.005777
20150504083857481_m0002_31,105,1.05,0.005784
20150504083857481_m0002_31,106,1.06,0.005768
20150504083857481_m0002_31,107,1.07,0.005035
20150504083857481_m0002_31,108,1.08,0.003638
20150504083857481_m0002_31,109,1.09,0.003474
20150504083857481_m0002_31,110,1.10,0.003650
20150504083857481_m0002_31,111,1.11,0.004170
20150504083857481_m0002_31,112,1.12,0.005668
20150504083857481_m0002_31,113,1.13,0.005247
20150504083857481_m0002_31,114,1.14,0.005423
20150504083857481_m0002_31,115,1.15,0.005674
20150504083857481_m0002_31,116,1.16,0.005976
20150504083857481_m0002_31,117,1.17,0.005956
20150504083857481_m0002_31,118,1.18,0.006093
20150504083857481_m0002_31,119,1.19,0.005276
20150504083857481_m0002_31,120,1.20,0.004344
20150504083857481_m0002_31,121,1.21,0.003745
20150504083857481_m0002_31,122,1.22,0.006592
20150504083857481_m0002_31,123,1.23,0.007876
20150504083857481_m0002_31,124,1.24,0.008439
20150504083857481_m0002_31,125,1.25,0.007768
20150504083857481_m0002_31,126,1.26,0.007181
20150504083857481_m0002_31,127,1.27,0.005939
20150504083857481_m0002_31,128,1.28,0.005089
20150504083857481_m0002_31,129,1.29,0.004372
20150504083857481_m0002_31,130,1.30,0.003453
20150504083857481_m0002_31,131,1.31,0.003397
20150504083857481_m0002_31,132,1.32,0.003286
20150504083857481_m0002_31,133,1.33,0.002896
20150504083857481_m0002_31,134,1.34,0.003288
20150504083857481_m0002_31,135,1.35,0.004132
20150504083857481_m0002_31,136,1.36,0.004724
20150504083857481_m0002_31,137,1.37,0.003530
20150504083857481_m0002_31,138,1.38,0.003605
20150504083857481_m0002_31,139,1.39,0.003031
20150504083857481_m0002_31,140,1.40,0.003717
20150504083857481_m0002_31,141,1.41,0.004045
20150504083857481_m0002_31,142,1.42,0.006034
20150504083857481_m0002_31,143,1.43,0.003706
20150504083857481_m0002_31,144,1.44,0.005842
20150504083857481_m0002_31,145,1.45,0.003938
20150504083857481_m0002_31,146,1.46,0.002817
20150504083857481_m0002_31,147,1.47,0.005700
20150504083857481_m0002_31,148,1.48,0.005057
20150504083857481_m0002_31,149,1.49,0.003572
20150504083857481_m0002_31,150,1.50,0.003612
20150504083857481_m0002_31,151,1.51,0.003857
20150504083857481_m0002_31,152,1.52,0.004519
20150504083857481_m0002_31,153,1.53,0.004257
20150504083857481_m0002_31,154,1.54,0.004784
20150504083857481_m0002_31,155,1.55,0.005034
20150504083857481_m0002_31,156,1.56,0.006115
20150504083857481_m0002_31,157,1.57,0.006616
20150504083857481_m0002_31,158,1.58,0.007354
20150504083857481_m0002_31,159,1.59,0.006694
20150504083857481_m0002_31,160,1.60,0.004419
20150504083857481_m0002_31,161,1.61,0.003294
20150504083857481_m0002_31,162,1.62,0.003829
20150504083857481_m0002_31,163,1.63,0.004479
20150504083857481_m0002_31,164,1.64,0.004194
20150504083857481_m0002_31,165,1.65,0.003912
20150504083857481_m0002_31,166,1.66,0.004041
20150504083857481_m0002_31,167,1.67,0.004203
20150504083857481_m0002_31,168,1.68,0.004352
20150504083857481_m0002_31,169,1.69,0.004505
20150504083857481_m0002_31,170,1.70,0.004018
20150504083857481_m0002_31,171,1.71,0.003469
20150504083857481_m0002_31,172,1.72,0.003720
20150504083857481_m0002_31,173,1.73,0.003449
20150504083857481_m0002_31,174,1.74,0.003367
20150504083857481_m0002_31,175,1.75,0.003413
20150504083857481_m0002_31,176,1.76,0.003458
20150504083857481_m0002_31,177,1.77,0.003357
20150504083857481_m0002_31,178,1.78,0.003074
20150504083857481_m0002_31,179,1.79,0.003161
20150504083857481_m0002_31,180,1.80,0.003380
20150504083857481_m0002_31,181,1.81,0.003597
20150504083857481_m0002_31,182,1.82,0.003722
20150504083857481_m0002_31,183,1.83,0.003710
20150504083857481_m0002_31,184,1.84,0.003527
20150504083857481_m0002_31,185,1.85,0.003216
20150504083857481_m0002_31,186,1.86,0.003402
20150504083857481_m0002_31,187,1.87,0.003929
20150504083857481_m0002_31,188,1.88,0.003990
20150504083857481_m0002_31,189,1.89,0.003523
20150504083857481_m0002_31,190,1.90,0.003659
20150504083857481_m0002_31,191,1.91,0.003904
20150504083857481_m0002_31,192,1.92,0.003945
20150504083857481_m0002_31,193,1.93,0.003812
20150504083857481_m0002_31,194,1.94,0.004000
20150504083857481_m0002_31,195,1.95,0.004211
20150504083857481_m0002_31,196,1.96,0.003932
20150504083857481_m0002_31,197,1.97,0.004389
20150504083857481_m0002_31,198,1.98,0.005227
20150817100008087_m0002_31,0,0.00,0.004262
20150817100008087_m0002_31,1,0.01,0.004218
20150817100008087_m0002_31,2,0.02,0.004553
20150817100008087_m0002_31,3,0.03,0.004669
20150817100008087_m0002_31,4,0.04,0.004532
20150817100008087_m0002_31,5,0.05,0.004917
20150817100008087_m0002_31,6,0.06,0.004999
20150817100008087_m0002_31,7,0.07,0.004504
20150817100008087_m0002_31,8,0.08,0.003074
20150817100008087_m0002_31,9,0.09,0.005317
20150817100008087_m0002_31,10,0.10,0.008422
20150817100008087_m0002_31,11,0.11,0.009292
20150817100008087_m0002_31,12,0.12,0.006918
20150817100008087_m0002_31,13,0.13,0.007213
20150817100008087_m0002_31,14,0.14,0.008154
20150817100008087_m0002_31,15,0.15,0.007623
20150817100008087_m0002_31,16,0.16,0.007629
20150817100008087_m0002_31,17,0.17,0.007532
20150817100008087_m0002_31,18,0.18,0.007629
20150817100008087_m0002_31,19,0.19,0.007039
20150817100008087_m0002_31,20,0.20,0.006526
20150817100008087_m0002_31,21,0.21,0.006130
20150817100008087_m0002_31,22,0.22,0.005644
20150817100008087_m0002_31,23,0.23,0.005272
20150817100008087_m0002_31,24,0.24,0.004405
20150817100008087_m0002_31,25,0.25,0.003304
20150817100008087_m0002_31,26,0.26,0.003369
20150817100008087_m0002_31,27,0.27,0.004607
20150817100008087_m0002_31,28,0.28,0.005897
20150817100008087_m0002_31,29,0.29,0.005649
20150817100008087_m0002_31,30,0.30,0.005828
20150817100008087_m0002_31,31,0.31,0.004843
20150817100008087_m0002_31,32,0.32,0.003781
20150817100008087_m0002_31,33,0.33,0.003726
20150817100008087_m0002_31,34,0.34,0.005162
20150817100008087_m0002_31,35,0.35,0.005298
20150817100008087_m0002_31,36,0.36,0.004964
20150817100008087_m0002_31,37,0.37,0.004916
20150817100008087_m0002_31,38,0.38,0.005208
20150817100008087_m0002_31,39,0.39,0.005228
20150817100008087_m0002_31,40,0.40,0.004981
20150817100008087_m0002_31,41,0.41,0.004808
20150817100008087_m0002_31,42,0.42,0.004478
20150817100008087_m0002_31,43,0.43,0.004261
20150817100008087_m0002_31,44,0.44,0.004564
20150817100008087_m0002_31,45,0.45,0.005076
20150817100008087_m0002_31,46,0.46,0.005488
20150817100008087_m0002_31,47,0.47,0.003749
20150817100008087_m0002_31,48,0.48,0.004478
20150817100008087_m0002_31,49,0.49,0.005767
20150817100008087_m0002_31,50,0.50,0.005999
20150817100008087_m0002_31,51,0.51,0.006661
20150817100008087_m0002_31,52,0.52,0.006752
20150817100008087_m0002_31,53,0.53,0.006830
20150817100008087_m0002_31,54,0.54,0.006621
20150817100008087_m0002_31,55,0.55,0.006150
20150817100008087_m0002_31,56,0.56,0.005467
20150817100008087_m0002_31,57,0.57,0.005709
20150817100008087_m0002_31,58,0.58,0.005915
20150817100008087_m0002_31,59,0.59,0.005698
20150817100008087_m0002_31,60,0.60,0.004223
20150817100008087_m0002_31,61,0.61,0.005761
20150817100008087_m0002_31,62,0.62,0.006174
20150817100008087_m0002_31,63,0.63,0.006068
20150817100008087_m0002_31,64,0.64,0.005945
20150817100008087_m0002_31,65,0.65,0.003768
20150817100008087_m0002_31,66,0.66,0.005228
20150817100008087_m0002_31,67,0.67,0.006770
20150817100008087_m0002_31,68,0.68,0.007148
20150817100008087_m0002_31,69,0.69,0.007109
20150817100008087_m0002_31,70,0.70,0.006721
20150817100008087_m0002_31,71,0.71,0.006644
20150817100008087_m0002_31,72,0.72,0.006127
20150817100008087_m0002_31,73,0.73,0.006986
20150817100008087_m0002_31,74,0.74,0.006570
20150817100008087_m0002_31,75,0.75,0.005274
20150817100008087_m0002_31,76,0.76,0.003931
20150817100008087_m0002_31,77,0.77,0.004992
20150817100008087_m0002_31,78,0.78,0.005077
20150817100008087_m0002_31,79,0.79,0.003529
20150817100008087_m0002_31,80,0.80,0.003597
20150817100008087_m0002_31,81,0.81,0.006541
20150817100008087_m0002_31,82,0.82,0.007451
20150817100008087_m0002_31,83,0.83,0.007206
20150817100008087_m0002_31,84,0.84,0.008422
20150817100008087_m0002_31,85,0.85,0.010395
20150817100008087_m0002_31,86,0.86,0.008843
20150817100008087_m0002_31,87,0.87,0.007982
20150817100008087_m0002_31,88,0.88,0.007838
20150817100008087_m0002_31,89,0.89,0.007452
20150817100008087_m0002_31,90,0.90,0.007703
20150817100008087_m0002_31,91,0.91,0.007439
20150817100008087_m0002_31,92,0.92,0.005657
20150817100008087_m0002_31,93,0.93,0.006366
20150817100008087_m0002_31,94,0.94,0.006585
20150817100008087_m0002_31,95,0.95,0.004704
20150817100008087_m0002_31,96,0.96,0.005400
20150817100008087_m0002_31,97,0.97,0.005789
20150817100008087_m0002_31,98,0.98,0.005877
20150817100008087_m0002_31,99,0.99,0.005161
20150817100008087_m0002_31,100,1.00,0.003051
20150817100008087_m0002_31,101,1.01,0.003969
20150817100008087_m0002_31,102,1.02,0.003905
20150817100008087_m0002_31,103,1.03,0.003475
20150817100008087_m0002_31,104,1.04,0.003482
20150817100008087_m0002_31,105,1.05,0.004937
20150817100008087_m0002_31,106,1.06,0.006747
20150817100008087_m0002_31,107,1.07,0.006868
20150817100008087_m0002_31,108,1.08,0.006639
20150817100008087_m0002_31,109,1.09,0.006914
20150817100008087_m0002_31,110,1.10,0.006058
20150817100008087_m0002_31,111,1.11,0.005649
20150817100008087_m0002_31,112,1.12,0.005323
20150817100008087_m0002_31,113,1.13,0.004496
20150817100008087_m0002_31,114,1.14,0.003569
20150817100008087_m0002_31,115,1.15,0.005347
20150817100008087_m0002_31,116,1.16,0.006853
20150817100008087_m0002_31,117,1.17,0.007841
20150817100008087_m0002_31,118,1.18,0.007753
20150817100008087_m0002_31,119,1.19,0.006787
20150817100008087_m0002_31,120,1.20,0.006561
20150817100008087_m0002_31,121,1.21,0.004968
20150817100008087_m0002_31,122,1.22,0.004479
20150817100008087_m0002_31,123,1.23,0.004149
20150817100008087_m0002_31,124,1.24,0.003443
20150817100008087_m0002_31,125,1.25,0.003215
20150817100008087_m0002_31,126,1.26,0.003091
20150817100008087_m0002_31,127,1.27,0.003226
20150817100008087_m0002_31,128,1.28,0.003785
20150817100008087_m0002_31,129,1.29,0.004506
20150817100008087_m0002_31,130,1.30,0.004318
20150817100008087_m0002_31,131,1.31,0.004327
20150817100008087_m0002_31,132,1.32,0.004306
20150817100008087_m0002_31,133,1.33,0.004702
20150817100008087_m0002_31,134,1.34,0.004668
20150817100008087_m0002_31,135,1.35,0.004867
20150817100008087_m0002_31,136,1.36,0.005018
20150817100008087_m0002_31,137,1.37,0.004400
20150817100008087_m0002_31,138,1.38,0.004040
20150817100008087_m0002_31,139,1.39,0.004286
20150817100008087_m0002_31,140,1.40,0.003620
20150817100008087_m0002_31,141,1.41,0.003530
20150817100008087_m0002_31,142,1.42,0.003747
20150817100008087_m0002_31,143,1.43,0.004508
20150817100008087_m0002_31,144,1.44,0.004738
20150817100008087_m0002_31,145,1.45,0.004866
20150817100008087_m0002_31,146,1.46,0.005005
20150817100008087_m0002_31,147,1.47,0.005666
20150817100008087_m0002_31,148,1.48,0.005805
20150817100008087_m0002_31,149,1.49,0.005853
20150817100008087_m0002_31,150,1.50,0.005683
20150817100008087_m0002_31,151,1.51,0.004496
20150817100008087_m0002_31,152,1.52,0.002994
20150817100008087_m0002_31,153,1.53,0.003959
20150817100008087_m0002_31,154,1.54,0.003820
20150817100008087_m0002_31,155,1.55,0.004166
20150817100008087_m0002_31,156,1.56,0.004150
20150817100008087_m0002_31,157,1.57,0.004239
20150817100008087_m0002_31,158,1.58,0.003967
20150817100008087_m0002_31,159,1.59,0.004057
20150817100008087_m0002_31,160,1.60,0.004132
20150817100008087_m0002_31,161,1.61,0.003692
20150817100008087_m0002_31,162,1.62,0.003788
20150817100008087_m0002_31,163,1.63,0.003947
20150817100008087_m0002_31,164,1.64,0.003900
20150817100008087_m0002_31,165,1.65,0.003799
20150817100008087_m0002_31,166,1.66,0.004082
20150817100008087_m0002_31,167,1.67,0.004100
20150817100008087_m0002_31,168,1.68,0.004249
20150817100008087_m0002_31,169,1.69,0.003698
20150817100008087_m0002_31,170,1.70,0.003686
20150817100008087_m0002_31,171,1.71,0.003705
20150817100008087_m0002_31,172,1.72,0.003726
20150817100008087_m0002_31,173,1.73,0.004063
20150817100008087_m0002_31,174,1.74,0.004030
20150817100008087_m0002_31,175,1.75,0.003879
20150817100008087_m0002_31,176,1.76,0.003837
20150817100008087_m0002_31,177,1.77,0.003701
20150817100008087_m0002_31,178,1.78,0.004010
20150817100008087_m0002_31,179,1.79,0.003922
20150817100008087_m0002_31,180,1.80,0.003855
20150817100008087_m0002_31,181,1.81,0.003925
20150817100008087_m0002_31,182,1.82,0.004000
20150817100008087_m0002_31,183,1.83,0.003894
20150817100008087_m0002_31,184,1.84,0.003979
20150817100008087_m0002_31,185,1.85,0.004039
20150817100008087_m0002_31,186,1.86,0.004020
20150817100008087_m0002_31,187,1.87,0.004263
20150817100008087_m0002_31,188,1.88,0.004462
20150817100008087_m0002_31,189,1.89,0.004409
20150817100008087_m0002_31,190,1.90,0.004346
20150817100008087_m0002_31,191,1.91,0.004575
20150817100008087_m0002_31,192,1.92,0.005243
20150406083433287_m0002_31,0,0.00,0.003347
20150406083433287_m0002_31,1,0.01,0.003257
20150406083433287_m0002_31,2,0.02,0.003289
20150406083433287_m0002_31,3,0.03,0.003576
20150406083433287_m0002_31,4,0.04,0.003227
20150406083433287_m0002_31,5,0.05,0.003302
20150406083433287_m0002_31,6,0.06,0.003687
20150406083433287_m0002_31,7,0.07,0.003785
20150406083433287_m0002_31,8,0.08,0.004019
20150406083433287_m0002_31,9,0.09,0.003733
20150406083433287_m0002_31,10,0.10,0.003645
20150406083433287_m0002_31,11,0.11,0.003818
20150406083433287_m0002_31,12,0.12,0.003833
20150406083433287_m0002_31,13,0.13,0.003989
20150406083433287_m0002_31,14,0.14,0.003936
20150406083433287_m0002_31,15,0.15,0.003852
20150406083433287_m0002_31,16,0.16,0.005747
20150406083433287_m0002_31,17,0.17,0.008043
20150406083433287_m0002_31,18,0.18,0.010260
20150406083433287_m0002_31,19,0.19,0.011877
20150406083433287_m0002_31,20,0.20,0.008160
20150406083433287_m0002_31,21,0.21,0.007562
20150406083433287_m0002_31,22,0.22,0.008799
20150406083433287_m0002_31,23,0.23,0.008342
20150406083433287_m0002_31,24,0.24,0.007975
20150406083433287_m0002_31,25,0.25,0.007172
20150406083433287_m0002_31,26,0.26,0.006564
20150406083433287_m0002_31,27,0.27,0.005929
20150406083433287_m0002_31,28,0.28,0.005545
20150406083433287_m0002_31,29,0.29,0.004544
20150406083433287_m0002_31,30,0.30,0.003502
20150406083433287_m0002_31,31,0.31,0.003948
20150406083433287_m0002_31,32,0.32,0.004463
20150406083433287_m0002_31,33,0.33,0.004713
20150406083433287_m0002_31,34,0.34,0.004894
20150406083433287_m0002_31,35,0.35,0.004827
20150406083433287_m0002_31,36,0.36,0.005059
20150406083433287_m0002_31,37,0.37,0.005388
20150406083433287_m0002_31,38,0.38,0.005003
20150406083433287_m0002_31,39,0.39,0.004150
20150406083433287_m0002_31,40,0.40,0.003903
20150406083433287_m0002_31,41,0.41,0.005649
20150406083433287_m0002_31,42,0.42,0.006704
20150406083433287_m0002_31,43,0.43,0.006229
20150406083433287_m0002_31,44,0.44,0.005734
20150406083433287_m0002_31,45,0.45,0.006663
20150406083433287_m0002_31,46,0.46,0.006108
20150406083433287_m0002_31,47,0.47,0.005420
20150406083433287_m0002_31,48,0.48,0.006115
20150406083433287_m0002_31,49,0.49,0.005540
20150406083433287_m0002_31,50,0.50,0.006485
20150406083433287_m0002_31,51,0.51,0.006687
20150406083433287_m0002_31,52,0.52,0.005273
20150406083433287_m0002_31,53,0.53,0.003626
20150406083433287_m0002_31,54,0.54,0.005818
20150406083433287_m0002_31,55,0.55,0.007522
20150406083433287_m0002_31,56,0.56,0.009681
20150406083433287_m0002_31,57,0.57,0.009208
20150406083433287_m0002_31,58,0.58,0.008663
20150406083433287_m0002_31,59,0.59,0.007718
20150406083433287_m0002_31,60,0.60,0.007187
20150406083433287_m0002_31,61,0.61,0.007029
20150406083433287_m0002_31,62,0.62,0.006600
20150406083433287_m0002_31,63,0.63,0.006285
20150406083433287_m0002_31,64,0.64,0.004800
20150406083433287_m0002_31,65,0.65,0.003803
20150406083433287_m0002_31,66,0.66,0.005047
20150406083433287_m0002_31,67,0.67,0.006074
20150406083433287_m0002_31,68,0.68,0.007522
20150406083433287_m0002_31,69,0.69,0.007232
20150406083433287_m0002_31,70,0.70,0.005684
20150406083433287_m0002_31,71,0.71,0.003595
20150406083433287_m0002_31,72,0.72,0.006980
20150406083433287_m0002_31,73,0.73,0.007907
20150406083433287_m0002_31,74,0.74,0.008332
20150406083433287_m0002_31,75,0.75,0.008594
20150406083433287_m0002_31,76,0.76,0.009130
20150406083433287_m0002_31,77,0.77,0.008655
20150406083433287_m0002_31,78,0.78,0.007624
20150406083433287_m0002_31,79,0.79,0.006720
20150406083433287_m0002_31,80,0.80,0.004481
20150406083433287_m0002_31,81,0.81,0.003934
20150406083433287_m0002_31,82,0.82,0.004895
20150406083433287_m0002_31,83,0.83,0.004220
20150406083433287_m0002_31,84,0.84,0.003431
20150406083433287_m0002_31,85,0.85,0.008135
20150406083433287_m0002_31,86,0.86,0.008508
20150406083433287_m0002_31,87,0.87,0.007415
20150406083433287_m0002_31,88,0.88,0.007291
20150406083433287_m0002_31,89,0.89,0.008847
20150406083433287_m0002_31,90,0.90,0.009694
20150406083433287_m0002_31,91,0.91,0.007212
20150406083433287_m0002_31,92,0.92,0.006998
20150406083433287_m0002_31,93,0.93,0.006747
20150406083433287_m0002_31,94,0.94,0.006583
20150406083433287_m0002_31,95,0.95,0.007178
20150406083433287_m0002_31,96,0.96,0.004947
20150406083433287_m0002_31,97,0.97,0.003767
20150406083433287_m0002_31,98,0.98,0.004560
20150406083433287_m0002_31,99,0.99,0.004140
20150406083433287_m0002_31,100,1.00,0.004602
20150406083433287_m0002_31,101,1.01,0.003946
20150406083433287_m0002_31,102,1.02,0.004467
20150406083433287_m0002_31,103,1.03,0.004309
20150406083433287_m0002_31,104,1.04,0.003813
20150406083433287_m0002_31,105,1.05,0.003440
20150406083433287_m0002_31,106,1.06,0.003391
20150406083433287_m0002_31,107,1.07,0.003783
20150406083433287_m0002_31,108,1.08,0.003848
20150406083433287_m0002_31,109,1.09,0.003712
20150406083433287_m0002_31,110,1.10,0.004498
20150406083433287_m0002_31,111,1.11,0.005881
20150406083433287_m0002_31,112,1.12,0.006435
20150406083433287_m0002_31,113,1.13,0.007126
20150406083433287_m0002_31,114,1.14,0.007617
20150406083433287_m0002_31,115,1.15,0.007272
20150406083433287_m0002_31,116,1.16,0.006711
20150406083433287_m0002_31,117,1.17,0.004590
20150406083433287_m0002_31,118,1.18,0.005036
20150406083433287_m0002_31,119,1.19,0.007394
20150406083433287_m0002_31,120,1.20,0.008770
20150406083433287_m0002_31,121,1.21,0.009913
20150406083433287_m0002_31,122,1.22,0.008735
20150406083433287_m0002_31,123,1.23,0.007593
20150406083433287_m0002_31,124,1.24,0.004396
20150406083433287_m0002_31,125,1.25,0.004172
20150406083433287_m0002_31,126,1.26,0.003709
20150406083433287_m0002_31,127,1.27,0.003942
20150406083433287_m0002_31,128,1.28,0.003376
20150406083433287_m0002_31,129,1.29,0.003509
20150406083433287_m0002_31,130,1.30,0.003334
20150406083433287_m0002_31,131,1.31,0.003556
20150406083433287_m0002_31,132,1.32,0.004044
20150406083433287_m0002_31,133,1.33,0.005077
20150406083433287_m0002_31,134,1.34,0.006104
20150406083433287_m0002_31,135,1.35,0.005992
20150406083433287_m0002_31,136,1.36,0.005712
20150406083433287_m0002_31,137,1.37,0.006117
20150406083433287_m0002_31,138,1.38,0.006177
20150406083433287_m0002_31,139,1.39,0.006119
20150406083433287_m0002_31,140,1.40,0.004773
20150406083433287_m0002_31,141,1.41,0.003979
20150406083433287_m0002_31,142,1.42,0.004124
20150406083433287_m0002_31,143,1.43,0.004468
20150406083433287_m0002_31,144,1.44,0.002789
20150406083433287_m0002_31,145,1.45,0.004085
20150406083433287_m0002_31,146,1.46,0.004014
20150406083433287_m0002_31,147,1.47,0.003164
20150406083433287_m0002_31,148,1.48,0.003248
20150406083433287_m0002_31,149,1.49,0.003529
20150406083433287_m0002_31,150,1.50,0.003909
20150406083433287_m0002_31,151,1.51,0.003582
20150406083433287_m0002_31,152,1.52,0.004162
20150406083433287_m0002_31,153,1.53,0.004312
20150406083433287_m0002_31,154,1.54,0.005886
20150406083433287_m0002_31,155,1.55,0.006112
20150406083433287_m0002_31,156,1.56,0.006180
20150406083433287_m0002_31,157,1.57,0.003745
20150406083433287_m0002_31,158,1.58,0.002618
20150406083433287_m0002_31,159,1.59,0.003429
20150406083433287_m0002_31,160,1.60,0.003645
20150406083433287_m0002_31,161,1.61,0.003827
20150406083433287_m0002_31,162,1.62,0.003581
20150406083433287_m0002_31,163,1.63,0.003675
20150406083433287_m0002_31,164,1.64,0.003586
20150406083433287_m0002_31,165,1.65,0.003329
20150406083433287_m0002_31,166,1.66,0.003270
20150406083433287_m0002_31,167,1.67,0.003350
20150406083433287_m0002_31,168,1.68,0.003225
20150406083433287_m0002_31,169,1.69,0.003064
20150406083433287_m0002_31,170,1.70,0.002917
20150406083433287_m0002_31,171,1.71,0.003048
20150406083433287_m0002_31,172,1.72,0.003052
20150406083433287_m0002_31,173,1.73,0.003093
20150406083433287_m0002_31,174,1.74,0.003207
20150406083433287_m0002_31,175,1.75,0.003076
20150406083433287_m0002_31,176,1.76,0.003055
20150406083433287_m0002_31,177,1.77,0.002927
20150406083433287_m0002_31,178,1.78,0.003092
20150406083433287_m0002_31,179,1.79,0.003064
20150406083433287_m0002_31,180,1.80,0.002996
20150406083433287_m0002_31,181,1.81,0.003197
20150406083433287_m0002_31,182,1.82,0.003197
20150406083433287_m0002_31,183,1.83,0.003220
20150406083433287_m0002_31,184,1.84,0.003229
20150406083433287_m0002_31,185,1.85,0.003309
20150406083433287_m0002_31,186,1.86,0.003285
20150406083433287_m0002_31,187,1.87,0.003422
20150406083433287_m0002_31,188,1.88,0.003474
20150406083433287_m0002_31,189,1.89,0.003581
20150406083433287_m0002_31,190,1.90,0.003479
20150406083433287_m0002_31,191,1.91,0.003297
20150406083433287_m0002_31,192,1.92,0.003611
20150427075231842_m0002_31,0,0.00,0.003455
20150427075231842_m0002_31,1,0.01,0.003534
20150427075231842_m0002_31,2,0.02,0.003439
20150427075231842_m0002_31,3,0.03,0.003186
20150427075231842_m0002_31,4,0.04,0.003094
20150427075231842_m0002_31,5,0.05,0.003105
20150427075231842_m0002_31,6,0.06,0.003558
20150427075231842_m0002_31,7,0.07,0.003513
20150427075231842_m0002_31,8,0.08,0.003455
20150427075231842_m0002_31,9,0.09,0.003561
20150427075231842_m0002_31,10,0.10,0.003598
20150427075231842_m0002_31,11,0.11,0.003777
20150427075231842_m0002_31,12,0.12,0.003941
20150427075231842_m0002_31,13,0.13,0.003936
20150427075231842_m0002_31,14,0.14,0.003707
20150427075231842_m0002_31,15,0.15,0.003729
20150427075231842_m0002_31,16,0.16,0.003973
20150427075231842_m0002_31,17,0.17,0.004061
20150427075231842_m0002_31,18,0.18,0.004014
20150427075231842_m0002_31,19,0.19,0.003957
20150427075231842_m0002_31,20,0.20,0.003603
20150427075231842_m0002_31,21,0.21,0.003809
20150427075231842_m0002_31,22,0.22,0.004022
20150427075231842_m0002_31,23,0.23,0.004171
20150427075231842_m0002_31,24,0.24,0.006830
20150427075231842_m0002_31,25,0.25,0.007899
20150427075231842_m0002_31,26,0.26,0.009076
20150427075231842_m0002_31,27,0.27,0.006285
20150427075231842_m0002_31,28,0.28,0.008390
20150427075231842_m0002_31,29,0.29,0.008745
20150427075231842_m0002_31,30,0.30,0.007304
20150427075231842_m0002_31,31,0.31,0.007053
20150427075231842_m0002_31,32,0.32,0.006347
20150427075231842_m0002_31,33,0.33,0.005870
20150427075231842_m0002_31,34,0.34,0.005522
20150427075231842_m0002_31,35,0.35,0.004875
20150427075231842_m0002_31,36,0.36,0.004941
20150427075231842_m0002_31,37,0.37,0.004753
20150427075231842_m0002_31,38,0.38,0.003696
20150427075231842_m0002_31,39,0.39,0.003196
20150427075231842_m0002_31,40,0.40,0.005517
20150427075231842_m0002_31,41,0.41,0.004719
20150427075231842_m0002_31,42,0.42,0.004560
20150427075231842_m0002_31,43,0.43,0.005219
20150427075231842_m0002_31,44,0.44,0.005501
20150427075231842_m0002_31,45,0.45,0.003679
20150427075231842_m0002_31,46,0.46,0.003280
20150427075231842_m0002_31,47,0.47,0.004711
20150427075231842_m0002_31,48,0.48,0.005006
20150427075231842_m0002_31,49,0.49,0.005403
20150427075231842_m0002_31,50,0.50,0.005097
20150427075231842_m0002_31,51,0.51,0.005182
20150427075231842_m0002_31,52,0.52,0.004990
20150427075231842_m0002_31,53,0.53,0.005253
20150427075231842_m0002_31,54,0.54,0.004815
20150427075231842_m0002_31,55,0.55,0.004839
20150427075231842_m0002_31,56,0.56,0.005247
20150427075231842_m0002_31,57,0.57,0.004580
20150427075231842_m0002_31,58,0.58,0.004783
20150427075231842_m0002_31,59,0.59,0.004261
20150427075231842_m0002_31,60,0.60,0.003685
20150427075231842_m0002_31,61,0.61,0.005582
20150427075231842_m0002_31,62,0.62,0.006749
20150427075231842_m0002_31,63,0.63,0.007723
20150427075231842_m0002_31,64,0.64,0.008285
20150427075231842_m0002_31,65,0.65,0.007787
20150427075231842_m0002_31,66,0.66,0.008128
20150427075231842_m0002_31,67,0.67,0.007681
20150427075231842_m0002_31,68,0.68,0.006585
20150427075231842_m0002_31,69,0.69,0.006586
20150427075231842_m0002_31,70,0.70,0.005847
20150427075231842_m0002_31,71,0.71,0.003146
20150427075231842_m0002_31,72,0.72,0.002553
20150427075231842_m0002_31,73,0.73,0.003849
20150427075231842_m0002_31,74,0.74,0.004936
20150427075231842_m0002_31,75,0.75,0.006227
20150427075231842_m0002_31,76,0.76,0.005401
20150427075231842_m0002_31,77,0.77,0.004857
20150427075231842_m0002_31,78,0.78,0.005066
20150427075231842_m0002_31,79,0.79,0.003779
20150427075231842_m0002_31,80,0.80,0.005543
20150427075231842_m0002_31,81,0.81,0.006613
20150427075231842_m0002_31,82,0.82,0.006411
20150427075231842_m0002_31,83,0.83,0.007467
20150427075231842_m0002_31,84,0.84,0.008281
20150427075231842_m0002_31,85,0.85,0.007834
20150427075231842_m0002_31,86,0.86,0.008122
20150427075231842_m0002_31,87,0.87,0.007225
20150427075231842_m0002_31,88,0.88,0.004926
20150427075231842_m0002_31,89,0.89,0.003856
20150427075231842_m0002_31,90,0.90,0.004356
20150427075231842_m0002_31,91,0.91,0.003224
20150427075231842_m0002_31,92,0.92,0.004391
20150427075231842_m0002_31,93,0.93,0.007629
20150427075231842_m0002_31,94,0.94,0.007951
20150427075231842_m0002_31,95,0.95,0.008219
20150427075231842_m0002_31,96,0.96,0.006288
20150427075231842_m0002_31,97,0.97,0.008045
20150427075231842_m0002_31,98,0.98,0.009273
20150427075231842_m0002_31,99,0.99,0.008017
20150427075231842_m0002_31,100,1.00,0.006758
20150427075231842_m0002_31,101,1.01,0.007116
20150427075231842_m0002_31,102,1.02,0.007402
20150427075231842_m0002_31,103,1.03,0.007590
20150427075231842_m0002_31,104,1.04,0.008543
20150427075231842_m0002_31,105,1.05,0.007642
20150427075231842_m0002_31,106,1.06,0.005323
20150427075231842_m0002_31,107,1.07,0.007539
20150427075231842_m0002_31,108,1.08,0.005797
20150427075231842_m0002_31,109,1.09,0.004181
20150427075231842_m0002_31,110,1.10,0.004398
20150427075231842_m0002_31,111,1.11,0.005317
20150427075231842_m0002_31,112,1.12,0.004676
20150427075231842_m0002_31,113,1.13,0.004437
20150427075231842_m0002_31,114,1.14,0.004314
20150427075231842_m0002_31,115,1.15,0.004190
20150427075231842_m0002_31,116,1.16,0.004072
20150427075231842_m0002_31,117,1.17,0.004719
20150427075231842_m0002_31,118,1.18,0.006022
20150427075231842_m0002_31,119,1.19,0.006774
20150427075231842_m0002_31,120,1.20,0.006403
20150427075231842_m0002_31,121,1.21,0.006451
20150427075231842_m0002_31,122,1.22,0.006411
20150427075231842_m0002_31,123,1.23,0.006228
20150427075231842_m0002_31,124,1.24,0.005430
20150427075231842_m0002_31,125,1.25,0.004595
20150427075231842_m0002_31,126,1.26,0.003461
20150427075231842_m0002_31,127,1.27,0.006060
20150427075231842_m0002_31,128,1.28,0.007509
20150427075231842_m0002_31,129,1.29,0.007896
20150427075231842_m0002_31,130,1.30,0.007608
20150427075231842_m0002_31,131,1.31,0.006854
20150427075231842_m0002_31,132,1.32,0.005444
20150427075231842_m0002_31,133,1.33,0.004709
20150427075231842_m0002_31,134,1.34,0.003761
20150427075231842_m0002_31,135,1.35,0.003740
20150427075231842_m0002_31,136,1.36,0.003694
20150427075231842_m0002_31,137,1.37,0.002749
20150427075231842_m0002_31,138,1.38,0.003577
20150427075231842_m0002_31,139,1.39,0.003698
20150427075231842_m0002_31,140,1.40,0.004400
20150427075231842_m0002_31,141,1.41,0.004707
20150427075231842_m0002_31,142,1.42,0.005239
20150427075231842_m0002_31,143,1.43,0.004496
20150427075231842_m0002_31,144,1.44,0.004511
20150427075231842_m0002_31,145,1.45,0.004253
20150427075231842_m0002_31,146,1.46,0.004151
20150427075231842_m0002_31,147,1.47,0.004344
20150427075231842_m0002_31,148,1.48,0.004365
20150427075231842_m0002_31,149,1.49,0.004835
20150427075231842_m0002_31,150,1.50,0.005065
20150427075231842_m0002_31,151,1.51,0.004183
20150427075231842_m0002_31,152,1.52,0.003657
20150427075231842_m0002_31,153,1.53,0.004129
20150427075231842_m0002_31,154,1.54,0.003738
20150427075231842_m0002_31,155,1.55,0.003989
20150427075231842_m0002_31,156,1.56,0.003091
20150427075231842_m0002_31,157,1.57,0.003304
20150427075231842_m0002_31,158,1.58,0.003950
20150427075231842_m0002_31,159,1.59,0.003923
20150427075231842_m0002_31,160,1.60,0.004645
20150427075231842_m0002_31,161,1.61,0.004844
20150427075231842_m0002_31,162,1.62,0.005456
20150427075231842_m0002_31,163,1.63,0.007092
20150427075231842_m0002_31,164,1.64,0.006260
20150427075231842_m0002_31,165,1.65,0.003536
20150427075231842_m0002_31,166,1.66,0.002850
20150427075231842_m0002_31,167,1.67,0.003748
20150427075231842_m0002_31,168,1.68,0.003906
20150427075231842_m0002_31,169,1.69,0.004116
20150427075231842_m0002_31,170,1.70,0.003788
20150427075231842_m0002_31,171,1.71,0.003901
20150427075231842_m0002_31,172,1.72,0.004146
20150427075231842_m0002_31,173,1.73,0.003900
20150427075231842_m0002_31,174,1.74,0.003828
20150427075231842_m0002_31,175,1.75,0.003816
20150427075231842_m0002_31,176,1.76,0.003739
20150427075231842_m0002_31,177,1.77,0.003407
20150427075231842_m0002_31,178,1.78,0.003511
20150427075231842_m0002_31,179,1.79,0.003380
20150427075231842_m0002_31,180,1.80,0.003323
20150427075231842_m0002_31,181,1.81,0.003584
20150427075231842_m0002_31,182,1.82,0.003657
20150427075231842_m0002_31,183,1.83,0.003298
20150427075231842_m0002_31,184,1.84,0.003267
20150427075231842_m0002_31,185,1.85,0.003344
20150427075231842_m0002_31,186,1.86,0.003341
20150427075231842_m0002_31,187,1.87,0.003470
20150427075231842_m0002_31,188,1.88,0.003451
20150427075231842_m0002_31,189,1.89,0.003395
20150427075231842_m0002_31,190,1.90,0.003469
20150427075231842_m0002_31,191,1.91,0.003489
20150427075231842_m0002_31,192,1.92,0.003683
20150427075231842_m0002_31,193,1.93,0.003416
20150427075231842_m0002_31,194,1.94,0.003589
20150427075231842_m0002_31,195,1.95,0.003952
20150427075231842_m0002_31,196,1.96,0.003883
20150427075231842_m0002_31,197,1.97,0.003930
20150427075231842_m0002_31,198,1.98,0.003611
20150427075231842_m0002_31,199,1.99,0.003758
20150427075231842_m0002_31,200,2.00,0.004055
20150413094736322_m0002_31,0,0.00,0.003960
20150413094736322_m0002_31,1,0.01,0.003775
20150413094736322_m0002_31,2,0.02,0.003952
20150413094736322_m0002_31,3,0.03,0.004404
20150413094736322_m0002_31,4,0.04,0.003515
20150413094736322_m0002_31,5,0.05,0.003864
20150413094736322_m0002_31,6,0.06,0.002981
20150413094736322_m0002_31,7,0.07,0.003969
20150413094736322_m0002_31,8,0.08,0.004479
20150413094736322_m0002_31,9,0.09,0.006973
20150413094736322_m0002_31,10,0.10,0.007950
20150413094736322_m0002_31,11,0.11,0.008947
20150413094736322_m0002_31,12,0.12,0.007873
20150413094736322_m0002_31,13,0.13,0.007086
20150413094736322_m0002_31,14,0.14,0.008007
20150413094736322_m0002_31,15,0.15,0.007277
20150413094736322_m0002_31,16,0.16,0.006711
20150413094736322_m0002_31,17,0.17,0.006538
20150413094736322_m0002_31,18,0.18,0.006377
20150413094736322_m0002_31,19,0.19,0.006486
20150413094736322_m0002_31,20,0.20,0.005624
20150413094736322_m0002_31,21,0.21,0.005801
20150413094736322_m0002_31,22,0.22,0.005098
20150413094736322_m0002_31,23,0.23,0.004227
20150413094736322_m0002_31,24,0.24,0.003098
20150413094736322_m0002_31,25,0.25,0.004245
20150413094736322_m0002_31,26,0.26,0.005400
20150413094736322_m0002_31,27,0.27,0.004504
20150413094736322_m0002_31,28,0.28,0.004379
20150413094736322_m0002_31,29,0.29,0.004159
20150413094736322_m0002_31,30,0.30,0.005171
20150413094736322_m0002_31,31,0.31,0.004676
20150413094736322_m0002_31,32,0.32,0.003730
20150413094736322_m0002_31,33,0.33,0.004414
20150413094736322_m0002_31,34,0.34,0.004917
20150413094736322_m0002_31,35,0.35,0.004739
20150413094736322_m0002_31,36,0.36,0.004685
20150413094736322_m0002_31,37,0.37,0.005036
20150413094736322_m0002_31,38,0.38,0.005553
20150413094736322_m0002_31,39,0.39,0.005432
20150413094736322_m0002_31,40,0.40,0.004875
20150413094736322_m0002_31,41,0.41,0.004982
20150413094736322_m0002_31,42,0.42,0.004731
20150413094736322_m0002_31,43,0.43,0.004906
20150413094736322_m0002_31,44,0.44,0.004308
20150413094736322_m0002_31,45,0.45,0.003744
20150413094736322_m0002_31,46,0.46,0.005587
20150413094736322_m0002_31,47,0.47,0.006234
20150413094736322_m0002_31,48,0.48,0.007112
20150413094736322_m0002_31,49,0.49,0.007480
20150413094736322_m0002_31,50,0.50,0.008026
20150413094736322_m0002_31,51,0.51,0.007845
20150413094736322_m0002_31,52,0.52,0.007612
20150413094736322_m0002_31,53,0.53,0.007193
20150413094736322_m0002_31,54,0.54,0.005872
20150413094736322_m0002_31,55,0.55,0.005731
20150413094736322_m0002_31,56,0.56,0.003776
20150413094736322_m0002_31,57,0.57,0.004162
20150413094736322_m0002_31,58,0.58,0.005018
20150413094736322_m0002_31,59,0.59,0.005490
20150413094736322_m0002_31,60,0.60,0.006553
20150413094736322_m0002_31,61,0.61,0.007265
20150413094736322_m0002_31,62,0.62,0.006593
20150413094736322_m0002_31,63,0.63,0.005944
20150413094736322_m0002_31,64,0.64,0.005529
20150413094736322_m0002_31,65,0.65,0.004322
20150413094736322_m0002_31,66,0.66,0.005347
20150413094736322_m0002_31,67,0.67,0.007224
20150413094736322_m0002_31,68,0.68,0.007038
20150413094736322_m0002_31,69,0.69,0.007059
20150413094736322_m0002_31,70,0.70,0.007357
20150413094736322_m0002_31,71,0.71,0.007064
20150413094736322_m0002_31,72,0.72,0.007617
20150413094736322_m0002_31,73,0.73,0.007142
20150413094736322_m0002_31,74,0.74,0.005571
20150413094736322_m0002_31,75,0.75,0.004168
20150413094736322_m0002_31,76,0.76,0.004621
20150413094736322_m0002_31,77,0.77,0.005024
20150413094736322_m0002_31,78,0.78,0.005994
20150413094736322_m0002_31,79,0.79,0.004674
20150413094736322_m0002_31,80,0.80,0.004510
20150413094736322_m0002_31,81,0.81,0.004516
20150413094736322_m0002_31,82,0.82,0.004617
20150413094736322_m0002_31,83,0.83,0.006461
20150413094736322_m0002_31,84,0.84,0.007499
20150413094736322_m0002_31,85,0.85,0.008462
20150413094736322_m0002_31,86,0.86,0.007730
20150413094736322_m0002_31,87,0.87,0.006761
20150413094736322_m0002_31,88,0.88,0.007861
20150413094736322_m0002_31,89,0.89,0.007984
20150413094736322_m0002_31,90,0.90,0.007622
20150413094736322_m0002_31,91,0.91,0.004741
20150413094736322_m0002_31,92,0.92,0.004626
20150413094736322_m0002_31,93,0.93,0.004291
20150413094736322_m0002_31,94,0.94,0.005478
20150413094736322_m0002_31,95,0.95,0.005681
20150413094736322_m0002_31,96,0.96,0.005697
20150413094736322_m0002_31,97,0.97,0.006109
20150413094736322_m0002_31,98,0.98,0.005588
20150413094736322_m0002_31,99,0.99,0.003225
20150413094736322_m0002_31,100,1.00,0.003842
20150413094736322_m0002_31,101,1.01,0.003619
20150413094736322_m0002_31,102,1.02,0.004676
20150413094736322_m0002_31,103,1.03,0.004933
20150413094736322_m0002_31,104,1.04,0.004830
20150413094736322_m0002_31,105,1.05,0.005825
20150413094736322_m0002_31,106,1.06,0.006558
20150413094736322_m0002_31,107,1.07,0.006179
20150413094736322_m0002_31,108,1.08,0.005588
20150413094736322_m0002_31,109,1.09,0.005407
20150413094736322_m0002_31,110,1.10,0.004760
20150413094736322_m0002_31,111,1.11,0.003549
20150413094736322_m0002_31,112,1.12,0.004566
20150413094736322_m0002_31,113,1.13,0.007026
20150413094736322_m0002_31,114,1.14,0.008894
20150413094736322_m0002_31,115,1.15,0.009695
20150413094736322_m0002_31,116,1.16,0.010110
20150413094736322_m0002_31,117,1.17,0.008777
20150413094736322_m0002_31,118,1.18,0.006373
20150413094736322_m0002_31,119,1.19,0.004338
20150413094736322_m0002_31,120,1.20,0.004402
20150413094736322_m0002_31,121,1.21,0.004195
20150413094736322_m0002_31,122,1.22,0.003608
20150413094736322_m0002_31,123,1.23,0.003249
20150413094736322_m0002_31,124,1.24,0.003430
20150413094736322_m0002_31,125,1.25,0.004060
20150413094736322_m0002_31,126,1.26,0.004389
20150413094736322_m0002_31,127,1.27,0.004793
20150413094736322_m0002_31,128,1.28,0.005559
20150413094736322_m0002_31,129,1.29,0.005310
20150413094736322_m0002_31,130,1.30,0.005326
20150413094736322_m0002_31,131,1.31,0.004981
20150413094736322_m0002_31,132,1.32,0.004724
20150413094736322_m0002_31,133,1.33,0.005519
20150413094736322_m0002_31,134,1.34,0.005243
20150413094736322_m0002_31,135,1.35,0.004286
20150413094736322_m0002_31,136,1.36,0.005799
20150413094736322_m0002_31,137,1.37,0.003383
20150413094736322_m0002_31,138,1.38,0.003500
20150413094736322_m0002_31,139,1.39,0.003573
20150413094736322_m0002_31,140,1.40,0.003297
20150413094736322_m0002_31,141,1.41,0.004080
20150413094736322_m0002_31,142,1.42,0.004483
20150413094736322_m0002_31,143,1.43,0.005083
20150413094736322_m0002_31,144,1.44,0.005279
20150413094736322_m0002_31,145,1.45,0.005449
20150413094736322_m0002_31,146,1.46,0.005893
20150413094736322_m0002_31,147,1.47,0.007284
20150413094736322_m0002_31,148,1.48,0.005708
20150413094736322_m0002_31,149,1.49,0.004649
20150413094736322_m0002_31,150,1.50,0.002656
20150413094736322_m0002_31,151,1.51,0.003075
20150413094736322_m0002_31,152,1.52,0.003580
20150413094736322_m0002_31,153,1.53,0.004172
20150413094736322_m0002_31,154,1.54,0.003644
20150413094736322_m0002_31,155,1.55,0.003727
20150413094736322_m0002_31,156,1.56,0.004031
20150413094736322_m0002_31,157,1.57,0.004407
20150413094736322_m0002_31,158,1.58,0.003931
20150413094736322_m0002_31,159,1.59,0.003713
20150413094736322_m0002_31,160,1.60,0.003719
20150413094736322_m0002_31,161,1.61,0.003537
20150413094736322_m0002_31,162,1.62,0.003779
20150413094736322_m0002_31,163,1.63,0.003745
20150413094736322_m0002_31,164,1.64,0.003732
20150413094736322_m0002_31,165,1.65,0.003621
20150413094736322_m0002_31,166,1.66,0.003722
20150413094736322_m0002_31,167,1.67,0.003723
20150413094736322_m0002_31,168,1.68,0.003492
20150413094736322_m0002_31,169,1.69,0.003354
20150413094736322_m0002_31,170,1.70,0.003315
20150413094736322_m0002_31,171,1.71,0.003848
20150413094736322_m0002_31,172,1.72,0.003738
20150413094736322_m0002_31,173,1.73,0.003398
20150413094736322_m0002_31,174,1.74,0.003273
20150413094736322_m0002_31,175,1.75,0.003290
20150413094736322_m0002_31,176,1.76,0.003740
20150413094736322_m0002_31,177,1.77,0.003694
20150413094736322_m0002_31,178,1.78,0.003350
20150413094736322_m0002_31,179,1.79,0.003582
20150413094736322_m0002_31,180,1.80,0.003563
20150413094736322_m0002_31,181,1.81,0.003165
20150413094736322_m0002_31,182,1.82,0.003437
20150413094736322_m0002_31,183,1.83,0.003810
20150413094736322_m0002_31,184,1.84,0.003704
20150413094736322_m0002_31,185,1.85,0.003718
20150413094736322_m0002_31,186,1.86,0.003548
20150413094736322_m0002_31,187,1.87,0.003382
20150413094736322_m0002_31,188,1.88,0.003626
20150413094736322_m0002_31,189,1.89,0.003615
20150413094736322_m0002_31,190,1.90,0.004154
20150413094736322_m0002_31,191,1.91,0.003864
20150413094736322_m0002_31,192,1.92,0.003813
20150413094736322_m0002_31,193,1.93,0.004203
20150413094736322_m0002_31,194,1.94,0.004061
20150413094736322_m0002_31,195,1.95,0.004365
20150413094736322_m0002_31,196,1.96,0.005048
20150803095015613_m0002_31,0,0.00,0.003431
20150803095015613_m0002_31,1,0.01,0.003764
20150803095015613_m0002_31,2,0.02,0.003224
20150803095015613_m0002_31,3,0.03,0.003470
20150803095015613_m0002_31,4,0.04,0.003636
20150803095015613_m0002_31,5,0.05,0.003572
20150803095015613_m0002_31,6,0.06,0.003562
20150803095015613_m0002_31,7,0.07,0.003581
20150803095015613_m0002_31,8,0.08,0.003477
20150803095015613_m0002_31,9,0.09,0.003689
20150803095015613_m0002_31,10,0.10,0.003383
20150803095015613_m0002_31,11,0.11,0.003173
20150803095015613_m0002_31,12,0.12,0.003235
20150803095015613_m0002_31,13,0.13,0.004068
20150803095015613_m0002_31,14,0.14,0.003817
20150803095015613_m0002_31,15,0.15,0.004001
20150803095015613_m0002_31,16,0.16,0.003653
20150803095015613_m0002_31,17,0.17,0.003236
20150803095015613_m0002_31,18,0.18,0.003176
20150803095015613_m0002_31,19,0.19,0.003164
20150803095015613_m0002_31,20,0.20,0.003252
20150803095015613_m0002_31,21,0.21,0.004330
20150803095015613_m0002_31,22,0.22,0.009854
20150803095015613_m0002_31,23,0.23,0.010331
20150803095015613_m0002_31,24,0.24,0.009553
20150803095015613_m0002_31,25,0.25,0.012378
20150803095015613_m0002_31,26,0.26,0.010323
20150803095015613_m0002_31,27,0.27,0.009061
20150803095015613_m0002_31,28,0.28,0.008537
20150803095015613_m0002_31,29,0.29,0.007202
20150803095015613_m0002_31,30,0.30,0.006950
20150803095015613_m0002_31,31,0.31,0.007372
20150803095015613_m0002_31,32,0.32,0.007327
20150803095015613_m0002_31,33,0.33,0.006052
20150803095015613_m0002_31,34,0.34,0.005314
20150803095015613_m0002_31,35,0.35,0.004251
20150803095015613_m0002_31,36,0.36,0.003872
20150803095015613_m0002_31,37,0.37,0.004048
20150803095015613_m0002_31,38,0.38,0.004161
20150803095015613_m0002_31,39,0.39,0.004088
20150803095015613_m0002_31,40,0.40,0.004501
20150803095015613_m0002_31,41,0.41,0.003761
20150803095015613_m0002_31,42,0.42,0.003707
20150803095015613_m0002_31,43,0.43,0.006367
20150803095015613_m0002_31,44,0.44,0.006481
20150803095015613_m0002_31,45,0.45,0.006424
20150803095015613_m0002_31,46,0.46,0.006666
20150803095015613_m0002_31,47,0.47,0.006864
20150803095015613_m0002_31,48,0.48,0.006875
20150803095015613_m0002_31,49,0.49,0.007054
20150803095015613_m0002_31,50,0.50,0.006935
20150803095015613_m0002_31,51,0.51,0.005974
20150803095015613_m0002_31,52,0.52,0.005320
20150803095015613_m0002_31,53,0.53,0.004662
20150803095015613_m0002_31,54,0.54,0.003722
20150803095015613_m0002_31,55,0.55,0.005333
20150803095015613_m0002_31,56,0.56,0.006333
20150803095015613_m0002_31,57,0.57,0.007568
20150803095015613_m0002_31,58,0.58,0.007849
20150803095015613_m0002_31,59,0.59,0.007420
20150803095015613_m0002_31,60,0.60,0.007332
20150803095015613_m0002_31,61,0.61,0.006973
20150803095015613_m0002_31,62,0.62,0.006096
20150803095015613_m0002_31,63,0.63,0.005098
20150803095015613_m0002_31,64,0.64,0.005212
20150803095015613_m0002_31,65,0.65,0.003899
20150803095015613_m0002_31,66,0.66,0.004937
20150803095015613_m0002_31,67,0.67,0.006102
20150803095015613_m0002_31,68,0.68,0.006893
20150803095015613_m0002_31,69,0.69,0.007117
20150803095015613_m0002_31,70,0.70,0.007347
20150803095015613_m0002_31,71,0.71,0.007554
20150803095015613_m0002_31,72,0.72,0.005003
20150803095015613_m0002_31,73,0.73,0.004793
20150803095015613_m0002_31,74,0.74,0.006586
20150803095015613_m0002_31,75,0.75,0.007426
20150803095015613_m0002_31,76,0.76,0.007838
20150803095015613_m0002_31,77,0.77,0.007548
20150803095015613_m0002_31,78,0.78,0.007097
20150803095015613_m0002_31,79,0.79,0.007319
20150803095015613_m0002_31,80,0.80,0.006754
20150803095015613_m0002_31,81,0.81,0.005783
20150803095015613_m0002_31,82,0.82,0.004311
20150803095015613_m0002_31,83,0.83,0.004547
20150803095015613_m0002_31,84,0.84,0.003591
20150803095015613_m0002_31,85,0.85,0.003473
20150803095015613_m0002_31,86,0.86,0.008794
20150803095015613_m0002_31,87,0.87,0.010150
20150803095015613_m0002_31,88,0.88,0.010396
20150803095015613_m0002_31,89,0.89,0.010309
20150803095015613_m0002_31,90,0.90,0.007631
20150803095015613_m0002_31,91,0.91,0.013059
20150803095015613_m0002_31,92,0.92,0.012064
20150803095015613_m0002_31,93,0.93,0.008562
20150803095015613_m0002_31,94,0.94,0.007392
20150803095015613_m0002_31,95,0.95,0.007361
20150803095015613_m0002_31,96,0.96,0.007602
20150803095015613_m0002_31,97,0.97,0.006750
20150803095015613_m0002_31,98,0.98,0.005644
20150803095015613_m0002_31,99,0.99,0.004211
20150803095015613_m0002_31,100,1.00,0.004729
20150803095015613_m0002_31,101,1.01,0.004559
20150803095015613_m0002_31,102,1.02,0.004236
20150803095015613_m0002_31,103,1.03,0.004099
20150803095015613_m0002_31,104,1.04,0.004035
20150803095015613_m0002_31,105,1.05,0.003504
20150803095015613_m0002_31,106,1.06,0.004958
20150803095015613_m0002_31,107,1.07,0.004899
20150803095015613_m0002_31,108,1.08,0.004577
20150803095015613_m0002_31,109,1.09,0.005396
20150803095015613_m0002_31,110,1.10,0.005775
20150803095015613_m0002_31,111,1.11,0.005904
20150803095015613_m0002_31,112,1.12,0.006329
20150803095015613_m0002_31,113,1.13,0.006776
20150803095015613_m0002_31,114,1.14,0.006395
20150803095015613_m0002_31,115,1.15,0.005788
20150803095015613_m0002_31,116,1.16,0.005149
20150803095015613_m0002_31,117,1.17,0.004285
20150803095015613_m0002_31,118,1.18,0.005567
20150803095015613_m0002_31,119,1.19,0.007216
20150803095015613_m0002_31,120,1.20,0.007689
20150803095015613_m0002_31,121,1.21,0.007276
20150803095015613_m0002_31,122,1.22,0.005896
20150803095015613_m0002_31,123,1.23,0.004361
20150803095015613_m0002_31,124,1.24,0.003595
20150803095015613_m0002_31,125,1.25,0.003392
20150803095015613_m0002_31,126,1.26,0.003383
20150803095015613_m0002_31,127,1.27,0.003625
20150803095015613_m0002_31,128,1.28,0.003209
20150803095015613_m0002_31,129,1.29,0.003284
20150803095015613_m0002_31,130,1.30,0.004567
20150803095015613_m0002_31,131,1.31,0.003920
20150803095015613_m0002_31,132,1.32,0.005821
20150803095015613_m0002_31,133,1.33,0.005490
20150803095015613_m0002_31,134,1.34,0.005583
20150803095015613_m0002_31,135,1.35,0.006406
20150803095015613_m0002_31,136,1.36,0.006283
20150803095015613_m0002_31,137,1.37,0.005997
20150803095015613_m0002_31,138,1.38,0.006108
20150803095015613_m0002_31,139,1.39,0.005412
20150803095015613_m0002_31,140,1.40,0.005368
20150803095015613_m0002_31,141,1.41,0.005686
20150803095015613_m0002_31,142,1.42,0.004290
20150803095015613_m0002_31,143,1.43,0.003729
20150803095015613_m0002_31,144,1.44,0.003388
20150803095015613_m0002_31,145,1.45,0.003490
20150803095015613_m0002_31,146,1.46,0.004167
20150803095015613_m0002_31,147,1.47,0.003998
20150803095015613_m0002_31,148,1.48,0.004091
20150803095015613_m0002_31,149,1.49,0.003843
20150803095015613_m0002_31,150,1.50,0.004803
20150803095015613_m0002_31,151,1.51,0.005477
20150803095015613_m0002_31,152,1.52,0.005865
20150803095015613_m0002_31,153,1.53,0.005951
20150803095015613_m0002_31,154,1.54,0.003802
20150803095015613_m0002_31,155,1.55,0.003688
20150803095015613_m0002_31,156,1.56,0.004028
20150803095015613_m0002_31,157,1.57,0.004019
20150803095015613_m0002_31,158,1.58,0.003839
20150803095015613_m0002_31,159,1.59,0.003643
20150803095015613_m0002_31,160,1.60,0.003436
20150803095015613_m0002_31,161,1.61,0.003619
20150803095015613_m0002_31,162,1.62,0.003524
20150803095015613_m0002_31,163,1.63,0.003429
20150803095015613_m0002_31,164,1.64,0.003533
20150803095015613_m0002_31,165,1.65,0.003597
20150803095015613_m0002_31,166,1.66,0.003441
20150803095015613_m0002_31,167,1.67,0.003094
20150803095015613_m0002_31,168,1.68,0.003016
20150803095015613_m0002_31,169,1.69,0.002973
20150803095015613_m0002_31,170,1.70,0.003006
20150803095015613_m0002_31,171,1.71,0.003186
20150803095015613_m0002_31,172,1.72,0.003089
20150803095015613_m0002_31,173,1.73,0.003095
20150803095015613_m0002_31,174,1.74,0.003166
20150803095015613_m0002_31,175,1.75,0.003033
20150803095015613_m0002_31,176,1.76,0.003193
20150803095015613_m0002_31,177,1.77,0.003016
20150803095015613_m0002_31,178,1.78,0.003182
20150803095015613_m0002_31,179,1.79,0.003486
20150803095015613_m0002_31,180,1.80,0.003197
20150803095015613_m0002_31,181,1.81,0.003002
20150803095015613_m0002_31,182,1.82,0.003081
20150803095015613_m0002_31,183,1.83,0.003314
20150803095015613_m0002_31,184,1.84,0.003378
20150803095015613_m0002_31,185,1.85,0.003469
20150803095015613_m0002_31,186,1.86,0.003662
20150803095015613_m0002_31,187,1.87,0.003600
20150803095015613_m0002_31,188,1.88,0.003510
20150803095015613_m0002_31,189,1.89,0.003501
20150803095015613_m0002_31,190,1.90,0.003596
20150622092328275_m0002_31,0,0.00,0.004753
20150622092328275_m0002_31,1,0.01,0.005134
20150622092328275_m0002_31,2,0.02,0.004773
20150622092328275_m0002_31,3,0.03,0.005169
20150622092328275_m0002_31,4,0.04,0.005213
20150622092328275_m0002_31,5,0.05,0.005644
20150622092328275_m0002_31,6,0.06,0.004660
20150622092328275_m0002_31,7,0.07,0.003894
20150622092328275_m0002_31,8,0.08,0.004393
20150622092328275_m0002_31,9,0.09,0.006869
20150622092328275_m0002_31,10,0.10,0.008864
20150622092328275_m0002_31,11,0.11,0.009096
20150622092328275_m0002_31,12,0.12,0.008913
20150622092328275_m0002_31,13,0.13,0.008801
20150622092328275_m0002_31,14,0.14,0.008950
20150622092328275_m0002_31,15,0.15,0.008672
20150622092328275_m0002_31,16,0.16,0.008024
20150622092328275_m0002_31,17,0.17,0.008099
20150622092328275_m0002_31,18,0.18,0.008057
20150622092328275_m0002_31,19,0.19,0.007195
20150622092328275_m0002_31,20,0.20,0.005988
20150622092328275_m0002_31,21,0.21,0.005340
20150622092328275_m0002_31,22,0.22,0.004711
20150622092328275_m0002_31,23,0.23,0.003432
20150622092328275_m0002_31,24,0.24,0.004564
20150622092328275_m0002_31,25,0.25,0.006920
20150622092328275_m0002_31,26,0.26,0.006871
20150622092328275_m0002_31,27,0.27,0.007266
20150622092328275_m0002_31,28,0.28,0.006303
20150622092328275_m0002_31,29,0.29,0.006713
20150622092328275_m0002_31,30,0.30,0.005549
20150622092328275_m0002_31,31,0.31,0.003532
20150622092328275_m0002_31,32,0.32,0.003776
20150622092328275_m0002_31,33,0.33,0.005301
20150622092328275_m0002_31,34,0.34,0.005588
20150622092328275_m0002_31,35,0.35,0.005674
20150622092328275_m0002_31,36,0.36,0.005864
20150622092328275_m0002_31,37,0.37,0.005765
20150622092328275_m0002_31,38,0.38,0.006055
20150622092328275_m0002_31,39,0.39,0.006178
20150622092328275_m0002_31,40,0.40,0.006002
20150622092328275_m0002_31,41,0.41,0.005939
20150622092328275_m0002_31,42,0.42,0.004765
20150622092328275_m0002_31,43,0.43,0.005000
20150622092328275_m0002_31,44,0.44,0.005156
20150622092328275_m0002_31,45,0.45,0.003716
20150622092328275_m0002_31,46,0.46,0.004594
20150622092328275_m0002_31,47,0.47,0.007261
20150622092328275_m0002_31,48,0.48,0.008895
20150622092328275_m0002_31,49,0.49,0.010212
20150622092328275_m0002_31,50,0.50,0.009408
20150622092328275_m0002_31,51,0.51,0.008972
20150622092328275_m0002_31,52,0.52,0.008850
20150622092328275_m0002_31,53,0.53,0.008137
20150622092328275_m0002_31,54,0.54,0.006710
20150622092328275_m0002_31,55,0.55,0.005821
20150622092328275_m0002_31,56,0.56,0.004375
20150622092328275_m0002_31,57,0.57,0.004933
20150622092328275_m0002_31,58,0.58,0.006017
20150622092328275_m0002_31,59,0.59,0.006602
20150622092328275_m0002_31,60,0.60,0.005791
20150622092328275_m0002_31,61,0.61,0.003253
20150622092328275_m0002_31,62,0.62,0.006067
20150622092328275_m0002_31,63,0.63,0.007737
20150622092328275_m0002_31,64,0.64,0.009305
20150622092328275_m0002_31,65,0.65,0.009880
20150622092328275_m0002_31,66,0.66,0.009323
20150622092328275_m0002_31,67,0.67,0.008855
20150622092328275_m0002_31,68,0.68,0.007950
20150622092328275_m0002_31,69,0.69,0.006262
20150622092328275_m0002_31,70,0.70,0.004619
20150622092328275_m0002_31,71,0.71,0.006421
20150622092328275_m0002_31,72,0.72,0.006346
20150622092328275_m0002_31,73,0.73,0.005326
20150622092328275_m0002_31,74,0.74,0.004893
20150622092328275_m0002_31,75,0.75,0.006434
20150622092328275_m0002_31,76,0.76,0.008600
20150622092328275_m0002_31,77,0.77,0.006635
20150622092328275_m0002_31,78,0.78,0.008909
20150622092328275_m0002_31,79,0.79,0.009296
20150622092328275_m0002_31,80,0.80,0.008041
20150622092328275_m0002_31,81,0.81,0.008290
20150622092328275_m0002_31,82,0.82,0.008668
20150622092328275_m0002_31,83,0.83,0.008498
20150622092328275_m0002_31,84,0.84,0.008356
20150622092328275_m0002_31,85,0.85,0.005685
20150622092328275_m0002_31,86,0.86,0.004573
20150622092328275_m0002_31,87,0.87,0.004393
20150622092328275_m0002_31,88,0.88,0.006049
20150622092328275_m0002_31,89,0.89,0.005933
20150622092328275_m0002_31,90,0.90,0.006532
20150622092328275_m0002_31,91,0.91,0.007007
20150622092328275_m0002_31,92,0.92,0.006317
20150622092328275_m0002_31,93,0.93,0.004849
20150622092328275_m0002_31,94,0.94,0.004360
20150622092328275_m0002_31,95,0.95,0.004098
20150622092328275_m0002_31,96,0.96,0.004596
20150622092328275_m0002_31,97,0.97,0.005497
20150622092328275_m0002_31,98,0.98,0.005818
20150622092328275_m0002_31,99,0.99,0.005325
20150622092328275_m0002_31,100,1.00,0.006190
20150622092328275_m0002_31,101,1.01,0.005822
20150622092328275_m0002_31,102,1.02,0.005443
20150622092328275_m0002_31,103,1.03,0.005371
20150622092328275_m0002_31,104,1.04,0.004522
20150622092328275_m0002_31,105,1.05,0.003457
20150622092328275_m0002_31,106,1.06,0.006822
20150622092328275_m0002_31,107,1.07,0.008890
20150622092328275_m0002_31,108,1.08,0.008972
20150622092328275_m0002_31,109,1.09,0.008796
20150622092328275_m0002_31,110,1.10,0.007490
20150622092328275_m0002_31,111,1.11,0.005891
20150622092328275_m0002_31,112,1.12,0.004609
20150622092328275_m0002_31,113,1.13,0.004223
20150622092328275_m0002_31,114,1.14,0.003973
20150622092328275_m0002_31,115,1.15,0.004964
20150622092328275_m0002_31,116,1.16,0.005112
20150622092328275_m0002_31,117,1.17,0.003359
20150622092328275_m0002_31,118,1.18,0.003148
20150622092328275_m0002_31,119,1.19,0.004095
20150622092328275_m0002_31,120,1.20,0.003902
20150622092328275_m0002_31,121,1.21,0.004157
20150622092328275_m0002_31,122,1.22,0.004934
20150622092328275_m0002_31,123,1.23,0.004036
20150622092328275_m0002_31,124,1.24,0.004498
20150622092328275_m0002_31,125,1.25,0.003720
20150622092328275_m0002_31,126,1.26,0.004398
20150622092328275_m0002_31,127,1.27,0.004369
20150622092328275_m0002_31,128,1.28,0.004272
20150622092328275_m0002_31,129,1.29,0.003536
20150622092328275_m0002_31,130,1.30,0.004407
20150622092328275_m0002_31,131,1.31,0.004152
20150622092328275_m0002_31,132,1.32,0.003269
20150622092328275_m0002_31,133,1.33,0.004288
20150622092328275_m0002_31,134,1.34,0.004789
20150622092328275_m0002_31,135,1.35,0.005556
20150622092328275_m0002_31,136,1.36,0.005832
20150622092328275_m0002_31,137,1.37,0.006184
20150622092328275_m0002_31,138,1.38,0.006778
20150622092328275_m0002_31,139,1.39,0.006882
20150622092328275_m0002_31,140,1.40,0.005870
20150622092328275_m0002_31,141,1.41,0.004548
20150622092328275_m0002_31,142,1.42,0.003090
20150622092328275_m0002_31,143,1.43,0.004240
20150622092328275_m0002_31,144,1.44,0.004780
20150622092328275_m0002_31,145,1.45,0.004708
20150622092328275_m0002_31,146,1.46,0.004262
20150622092328275_m0002_31,147,1.47,0.004442
20150622092328275_m0002_31,148,1.48,0.004594
20150622092328275_m0002_31,149,1.49,0.004357
20150622092328275_m0002_31,150,1.50,0.004685
20150622092328275_m0002_31,151,1.51,0.004912
20150622092328275_m0002_31,152,1.52,0.004360
20150622092328275_m0002_31,153,1.53,0.004576
20150622092328275_m0002_31,154,1.54,0.004480
20150622092328275_m0002_31,155,1.55,0.004576
20150622092328275_m0002_31,156,1.56,0.004474
20150622092328275_m0002_31,157,1.57,0.004357
20150622092328275_m0002_31,158,1.58,0.004382
20150622092328275_m0002_31,159,1.59,0.004741
20150622092328275_m0002_31,160,1.60,0.004421
20150622092328275_m0002_31,161,1.61,0.004377
20150622092328275_m0002_31,162,1.62,0.004438
20150622092328275_m0002_31,163,1.63,0.004535
20150622092328275_m0002_31,164,1.64,0.004891
20150622092328275_m0002_31,165,1.65,0.004778
20150622092328275_m0002_31,166,1.66,0.005110
20150622092328275_m0002_31,167,1.67,0.004868
20150622092328275_m0002_31,168,1.68,0.004485
20150622092328275_m0002_31,169,1.69,0.004823
20150622092328275_m0002_31,170,1.70,0.004635
20150622092328275_m0002_31,171,1.71,0.004784
20150622092328275_m0002_31,172,1.72,0.005598
